new york, new york,1132,1136,1138
nassau, new york,102,99,97
westchester, new york,60,57,55
suffolk, new york,63,63,62
rockland, new york,29,29,28
orange, new york,14,13,12
albany, new york,1,1,1
dutchess, new york,2,2,2
monroe, new york,5,5,5
erie, new york,14,14,16
onondaga, new york,1,2,2
saratoga, new york,0,0,0
schenectady, new york,1,1,1
putnam, new york,0,0,0
rensselaer, new york,0,0,0
ulster, new york,1,1,1
columbia, new york,1,1,1
tompkins, new york,0,0,0
sullivan, new york,1,1,1
niagara, new york,2,2,2
oneida, new york,1,1,1
ontario, new york,0,0,0
clinton, new york,0,0,0
herkimer, new york,0,0,0
broome, new york,0,0,0
montgomery, new york,0,0,0
essex, new york,0,0,0
wayne, new york,0,0,0
greene, new york,0,0,0
allegany, new york,0,0,0
wyoming, new york,0,0,0
hamilton, new york,0,0,0
chenango, new york,0,0,0
steuben, new york,3,3,3
livingston, new york,0,0,0
cortland, new york,0,0,0
delaware, new york,0,0,0
tioga, new york,0,0,0
genesee, new york,0,0,0
warren, new york,0,0,0
washington, new york,0,0,0
schoharie, new york,0,0,0
fulton, new york,0,0,0
jefferson, new york,0,0,0
king, washington,0,0,0
snohomish, washington,1,1,0
pierce, washington,2,2,2
skagit, washington,0,0,0
island, washington,0,0,0
spokane, washington,0,0,0
grant, washington,0,0,0
kitsap, washington,0,0,0
yakima, washington,2,2,2
whatcom, washington,0,0,0
thurston, washington,0,0,0
clark, washington,0,0,0
benton, washington,1,1,0
jefferson, washington,0,0,0
kittitas, washington,0,0,0
klickitat, washington,0,0,0
clallam, washington,0,0,0
cowlitz, washington,0,0,0
chelan, washington,0,0,0
franklin, washington,0,0,0
lewis, washington,0,0,0
grays harbor, washington,0,0,0
columbia, washington,0,0,0
lincoln, washington,0,0,0
mason, washington,0,0,0
stevens, washington,0,0,0
san juan, washington,0,0,0
whitman, washington,0,0,0
bergen, new jersey,49,46,42
essex, new jersey,50,46,42
monmouth, new jersey,15,14,13
middlesex, new jersey,22,21,20
hudson, new jersey,60,64,67
union, new jersey,29,28,27
morris, new jersey,17,16,15
ocean, new jersey,12,11,10
passaic, new jersey,20,19,19
somerset, new jersey,13,13,13
mercer, new jersey,11,11,11
burlington, new jersey,5,5,5
camden, new jersey,7,7,7
hunterdon, new jersey,2,2,1
sussex, new jersey,5,5,5
warren, new jersey,4,4,4
gloucester, new jersey,2,2,2
atlantic, new jersey,2,2,2
cape may, new jersey,1,1,1
cumberland, new jersey,0,0,0
salem, new jersey,0,0,0
los angeles, california,50,52,54
santa clara, california,1,1,1
san diego, california,4,3,3
san mateo, california,0,0,0
san francisco, california,0,0,0
orange, california,1,1,1
alameda, california,2,2,2
contra costa, california,1,2,2
sacramento, california,1,1,1
marin, california,0,0,0
san joaquin, california,0,0,0
riverside, california,6,6,6
san luis obispo, california,0,0,0
ventura, california,0,0,0
sonoma, california,0,0,0
san bernardino, california,5,6,6
santa cruz, california,0,0,0
solano, california,0,0,0
santa barbara, california,0,0,0
placer, california,0,0,0
tulare, california,1,1,1
monterey, california,0,0,0
yolo, california,1,1,1
fresno, california,1,0,0
imperial, california,0,0,0
san benito, california,0,0,0
stanislaus, california,0,0,0
kern, california,0,0,0
madera, california,0,0,0
humboldt, california,0,0,0
calaveras, california,0,0,0
siskiyou, california,0,0,0
yuba, california,0,0,0
shasta, california,0,0,0
nevada, california,0,0,0
mendocino, california,0,0,0
amador, california,0,0,0
mono, california,0,0,0
butte, california,0,0,0
napa, california,0,0,0
cook, illinois,75,77,79
dupage, illinois,7,7,7
lake, illinois,7,7,7
will, illinois,8,7,7
kane, illinois,1,1,1
mchenry, illinois,2,2,2
mclean, illinois,0,0,0
sangamon, illinois,0,0,0
winnebago, illinois,0,0,0
kendall, illinois,0,0,0
st. clair, illinois,2,2,2
clinton, illinois,0,0,0
peoria, illinois,0,0,0
woodford, illinois,0,0,0
madison, illinois,1,1,2
kankakee, illinois,1,1,1
champaign, illinois,0,0,0
cumberland, illinois,0,0,0
whiteside, illinois,0,0,0
jackson, illinois,1,1,1
williamson, illinois,0,0,0
lasalle, illinois,0,0,0
washington, illinois,0,0,0
adams, illinois,0,0,0
christian, illinois,0,0,0
dekalb, illinois,0,0,0
jo daviess, illinois,0,0,0
stephenson, illinois,0,0,0
livingston, illinois,0,0,0
rock island, illinois,0,0,0
wayne, michigan,64,60,56
oakland, michigan,22,20,19
macomb, michigan,30,30,30
washtenaw, michigan,2,2,3
kent, michigan,2,2,2
genesee, michigan,10,10,10
ingham, michigan,0,0,0
livingston, michigan,1,1,1
st. clair, michigan,1,2,2
monroe, michigan,1,1,1
ottawa, michigan,1,1,1
midland, michigan,0,0,0
berrien, michigan,1,1,1
charlevoix, michigan,0,0,0
clinton, michigan,1,1,1
eaton, michigan,0,0,0
calhoun, michigan,0,0,0
saginaw, michigan,3,3,4
montcalm, michigan,0,0,0
bay, michigan,0,0,0
leelanau, michigan,0,0,0
otsego, michigan,1,1,1
jackson, michigan,1,1,1
barry, michigan,0,0,0
wexford, michigan,0,0,0
clare, michigan,0,0,0
allegan, michigan,0,0,0
tuscola, michigan,1,1,1
gladwin, michigan,0,0,0
emmet, michigan,0,0,0
grand traverse, michigan,0,0,0
roscommon, michigan,0,0,0
miami-dade, florida,20,20,21
broward, florida,7,7,6
palm beach, florida,6,6,5
hillsborough, florida,1,1,1
duval, florida,0,0,0
pinellas, florida,0,0,0
alachua, florida,0,0,0
collier, florida,1,1,1
orange, florida,2,2,2
lee, florida,1,1,1
osceola, florida,0,0,0
seminole, florida,1,1,1
st. johns, florida,0,0,0
sarasota, florida,2,2,2
okaloosa, florida,0,0,0
volusia, florida,1,1,1
manatee, florida,3,3,3
pasco, florida,0,0,0
polk, florida,1,1,1
citrus, florida,0,0,0
indian river, florida,0,1,1
clay, florida,0,0,0
brevard, florida,1,1,1
lake, florida,0,0,0
leon, florida,0,0,0
sumter, florida,1,0,0
hernando, florida,0,0,0
santa rosa, florida,0,0,0
escambia, florida,1,1,1
walton, florida,0,0,0
marion, florida,0,0,0
st. lucie, florida,1,1,1
charlotte, florida,1,1,1
martin, florida,0,0,0
baker, florida,0,0,0
putnam, florida,0,0,0
columbia, florida,0,0,0
gadsden, florida,0,0,0
nassau, florida,0,0,0
jackson, florida,0,0,0
monroe, florida,0,0,0
bay, florida,0,0,0
highlands, florida,0,0,0
bradford, florida,0,0,0
desoto, florida,0,0,0
flagler, florida,0,0,0
orleans, louisiana,3,2,1
jefferson, louisiana,10,9,7
st. tammany, louisiana,5,5,5
east baton rouge, louisiana,6,6,6
caddo, louisiana,6,7,7
st. bernard, louisiana,0,0,0
ascension, louisiana,1,1,1
lafourche, louisiana,2,2,3
terrebonne, louisiana,2,2,2
st. john the baptist, louisiana,2,1,1
st. charles, louisiana,1,0,0
lafayette, louisiana,1,1,0
bossier, louisiana,1,0,0
plaquemines, louisiana,0,0,0
calcasieu, louisiana,2,2,2
west baton rouge, louisiana,0,0,0
st. landry, louisiana,2,3,3
tangipahoa, louisiana,2,2,1
washington, louisiana,1,1,1
iberia, louisiana,1,1,1
iberville, louisiana,1,1,1
livingston, louisiana,1,1,1
rapides, louisiana,0,0,0
de soto, louisiana,0,0,0
evangeline, louisiana,0,0,0
ouachita, louisiana,1,1,1
st. james, louisiana,1,1,1
assumption, louisiana,0,0,0
webster, louisiana,0,0,0
catahoula, louisiana,0,0,0
avoyelles, louisiana,1,1,1
beauregard, louisiana,0,0,0
bienville, louisiana,1,1,1
claiborne, louisiana,0,0,0
st. mary, louisiana,2,2,2
acadia, louisiana,0,0,0
middlesex, massachusetts,42,45,49
suffolk, massachusetts,29,32,35
norfolk, massachusetts,29,32,35
essex, massachusetts,23,24,26
worcester, massachusetts,12,13,14
plymouth, massachusetts,14,14,15
barnstable, massachusetts,1,1,1
bristol, massachusetts,9,10,10
berkshire, massachusetts,1,1,1
hampden, massachusetts,21,23,24
franklin, massachusetts,1,0,0
hampshire, massachusetts,1,1,1
dukes and nantucket, massachusetts,0,0,0
dallas, texas,3,3,3
harris, texas,5,5,5
travis, texas,2,2,2
tarrant, texas,3,3,2
bexar, texas,2,1,1
collin, texas,1,1,1
denton, texas,1,0,0
fort bend, texas,1,1,1
mclennan, texas,0,0,0
brazoria, texas,0,0,0
montgomery, texas,0,0,0
brazos, texas,1,1,0
galveston, texas,2,2,2
smith, texas,0,0,0
bell, texas,0,0,0
lubbock, texas,3,3,4
williamson, texas,0,0,0
el paso, texas,1,1,1
hays, texas,0,0,0
cameron, texas,1,1,1
webb, texas,0,0,0
wichita, texas,0,0,0
matagorda, texas,0,0,0
ellis, texas,0,0,0
jefferson, texas,1,1,1
hockley, texas,0,0,0
johnson, texas,0,0,0
comal, texas,0,0,0
grimes, texas,0,0,0
brown, texas,0,0,0
randall, texas,0,0,0
castro, texas,0,0,0
hardin, texas,0,0,0
hidalgo, texas,0,0,0
atascosa, texas,0,0,0
gregg, texas,0,0,0
lavaca, texas,0,0,0
bowie, texas,0,0,0
rusk, texas,0,0,0
fannin, texas,0,0,0
dewitt, texas,0,0,0
van zandt, texas,0,0,0
crane, texas,0,0,0
lamar, texas,0,0,0
midland, texas,0,0,0
oldham, texas,0,0,0
milam, texas,0,0,0
kendall, texas,0,0,0
guadalupe, texas,0,0,0
fayette, texas,0,0,0
medina, texas,0,0,0
wharton, texas,0,0,0
nueces, texas,0,0,0
upshur, texas,0,0,0
deaf smith, texas,0,0,0
chambers, texas,0,0,0
liberty, texas,0,0,0
burnet, texas,0,0,0
walker, texas,0,0,0
fulton, georgia,3,3,3
cobb, georgia,2,2,2
bartow, georgia,1,1,1
dekalb, georgia,2,2,2
dougherty, georgia,4,4,3
gwinnett, georgia,3,3,3
cherokee, georgia,0,0,0
lee, georgia,0,0,0
carroll, georgia,1,1,1
clayton, georgia,1,1,1
richmond, georgia,1,1,1
floyd, georgia,1,1,1
fayette, georgia,0,0,0
clarke, georgia,0,0,0
hall, georgia,1,1,1
lowndes, georgia,0,0,0
coweta, georgia,0,0,0
henry, georgia,1,1,1
polk, georgia,0,0,0
gordon, georgia,0,0,0
newton, georgia,0,0,0
troup, georgia,0,0,0
forsyth, georgia,1,1,1
paulding, georgia,1,1,1
chatham, georgia,0,0,0
douglas, georgia,0,0,0
columbia, georgia,0,0,0
glynn, georgia,0,0,0
peach, georgia,0,0,0
lamar, georgia,0,0,0
whitfield, georgia,0,0,0
rockdale, georgia,0,0,0
early, georgia,1,1,1
laurens, georgia,0,0,0
muscogee, georgia,0,0,0
effingham, georgia,0,0,0
tift, georgia,1,1,1
spalding, georgia,0,0,0
worth, georgia,1,1,1
pickens, georgia,0,0,0
sumter, georgia,1,1,1
terrell, georgia,1,1,1
baldwin, georgia,0,0,0
charlton, georgia,0,0,0
houston, georgia,0,0,0
barrow, georgia,0,0,0
oconee, georgia,1,1,1
turner, georgia,1,1,1
bibb, georgia,0,0,0
miller, georgia,0,0,0
heard, georgia,0,0,0
dawson, georgia,0,0,0
monroe, georgia,0,0,0
randolph, georgia,2,2,2
clinch, georgia,0,0,0
lincoln, georgia,0,0,0
lumpkin, georgia,0,0,0
butts, georgia,0,0,0
chattooga, georgia,0,0,0
twiggs, georgia,0,0,0
denver, colorado,7,7,8
eagle, colorado,0,0,0
el paso, colorado,2,1,1
jefferson, colorado,1,1,1
arapahoe, colorado,7,7,8
weld, colorado,3,3,3
boulder, colorado,1,1,1
douglas, colorado,1,1,1
larimer, colorado,0,0,0
gunnison, colorado,0,0,0
adams, colorado,4,4,4
pitkin, colorado,0,0,0
garfield, colorado,0,0,0
summit, colorado,0,0,0
pueblo, colorado,0,0,0
routt, colorado,0,0,0
clear creek, colorado,0,0,0
chaffee, colorado,0,0,0
elbert, colorado,0,0,0
mesa, colorado,0,0,0
grand, colorado,0,0,0
morgan, colorado,1,1,1
crowley, colorado,0,0,0
broomfield, colorado,0,0,0
park, colorado,0,0,0
yuma, colorado,0,0,0
hinsdale, colorado,0,0,0
montrose, colorado,1,1,1
san miguel, colorado,0,0,0
montgomery, pennsylvania,23,26,29
philadelphia, pennsylvania,37,38,39
delaware, pennsylvania,11,12,13
allegheny, pennsylvania,7,8,8
bucks, pennsylvania,11,12,14
monroe, pennsylvania,3,3,3
chester, pennsylvania,7,8,9
northampton, pennsylvania,3,3,3
lehigh, pennsylvania,4,5,5
berks, pennsylvania,9,10,11
cumberland, pennsylvania,0,0,0
york, pennsylvania,1,2,2
washington, pennsylvania,0,0,0
luzerne, pennsylvania,4,5,5
lancaster, pennsylvania,16,17,19
lackawanna, pennsylvania,5,5,6
adams, pennsylvania,0,0,0
westmoreland, pennsylvania,2,2,3
pike, pennsylvania,1,1,1
beaver, pennsylvania,4,5,5
lebanon, pennsylvania,1,1,1
wayne, pennsylvania,0,0,0
erie, pennsylvania,0,0,0
franklin, pennsylvania,1,2,2
centre, pennsylvania,0,0,0
potter, pennsylvania,0,0,0
butler, pennsylvania,0,0,0
dauphin, pennsylvania,1,1,1
montour, pennsylvania,0,0,0
columbia, pennsylvania,1,1,1
fayette, pennsylvania,0,0,0
schuylkill, pennsylvania,1,1,1
mercer, pennsylvania,0,0,0
davidson, tennessee,1,1,1
shelby, tennessee,3,3,3
williamson, tennessee,0,0,0
sumner, tennessee,1,1,0
hamilton, tennessee,0,0,0
rutherford, tennessee,0,0,0
putnam, tennessee,0,0,1
knox, tennessee,0,0,0
tipton, tennessee,0,0,0
cheatham, tennessee,0,0,0
dickson, tennessee,0,0,0
robertson, tennessee,0,0,0
fayette, tennessee,0,0,0
montgomery, tennessee,0,0,0
monroe, tennessee,0,0,0
jefferson, tennessee,0,0,0
campbell, tennessee,0,0,0
cumberland, tennessee,0,0,0
dyer, tennessee,0,0,0
wilson, tennessee,0,0,0
carroll, tennessee,0,0,0
washington, tennessee,0,0,0
greene, tennessee,0,0,0
bradley, tennessee,0,0,0
hamblen, tennessee,0,0,0
maury, tennessee,0,0,0
scott, tennessee,0,0,0
sullivan, tennessee,0,0,0
sevier, tennessee,0,0,0
anderson, tennessee,0,0,0
blount, tennessee,0,0,0
gibson, tennessee,0,0,0
mcminn, tennessee,0,0,0
cocke, tennessee,0,0,0
roane, tennessee,0,0,0
chester, tennessee,0,0,0
franklin, tennessee,0,0,0
houston, tennessee,0,0,0
loudon, tennessee,0,0,0
marion, tennessee,0,0,0
perry, tennessee,0,0,0
milwaukee, wisconsin,8,8,7
dane, wisconsin,1,1,1
waukesha, wisconsin,1,1,1
fond du lac, wisconsin,0,0,0
washington, wisconsin,0,0,0
ozaukee, wisconsin,0,0,0
kenosha, wisconsin,1,1,1
sheboygan, wisconsin,0,0,0
winnebago, wisconsin,0,0,0
la crosse, wisconsin,0,0,0
columbia, wisconsin,0,0,0
racine, wisconsin,1,1,1
eau claire, wisconsin,0,0,0
brown, wisconsin,0,0,0
walworth, wisconsin,1,1,1
rock, wisconsin,0,0,0
outagamie, wisconsin,0,0,0
sauk, wisconsin,0,0,0
st. croix, wisconsin,0,0,0
jefferson, wisconsin,0,0,0
pierce, wisconsin,0,0,0
wood, wisconsin,0,0,0
calumet, wisconsin,0,0,0
bayfield, wisconsin,0,0,0
dunn, wisconsin,0,0,0
chippewa, wisconsin,0,0,0
marathon, wisconsin,0,0,0
douglas, wisconsin,0,0,0
green, wisconsin,0,0,0
cuyahoga, ohio,5,5,5
franklin, ohio,2,3,3
summit, ohio,1,2,2
lorain, ohio,2,2,2
hamilton, ohio,3,3,3
mahoning, ohio,3,3,3
butler, ohio,0,0,0
miami, ohio,0,0,0
stark, ohio,2,2,2
medina, ohio,1,1,1
lucas, ohio,2,2,2
lake, ohio,0,0,0
delaware, ohio,0,0,0
montgomery, ohio,0,0,0
clermont, ohio,0,0,0
trumbull, ohio,1,1,1
warren, ohio,1,1,2
belmont, ohio,1,1,1
tuscarawas, ohio,0,0,0
geauga, ohio,1,1,1
coshocton, ohio,0,0,0
ashtabula, ohio,1,1,1
defiance, ohio,0,0,0
columbiana, ohio,1,1,1
darke, ohio,0,0,0
huron, ohio,0,0,0
ashland, ohio,0,0,0
clark, ohio,0,0,0
richland, ohio,0,0,0
marion, ohio,0,0,0
licking, ohio,0,0,0
union, ohio,0,0,0
erie, ohio,0,0,0
gallia, ohio,0,0,0
madison, ohio,0,0,0
carroll, ohio,0,0,0
clinton, ohio,0,0,0
greene, ohio,0,0,0
hancock, ohio,0,0,0
portage, ohio,2,2,2
wood, ohio,1,2,2
washington, ohio,1,1,1
knox, ohio,0,0,0
fairfield, connecticut,42,44,45
hartford, connecticut,41,45,48
new haven, connecticut,30,31,33
tolland, connecticut,1,1,2
litchfield, connecticut,6,6,6
middlesex, connecticut,4,4,5
new london, connecticut,1,1,1
windham, connecticut,0,0,0
mecklenburg, north carolina,3,4,4
wake, north carolina,1,1,2
durham, north carolina,1,1,1
forsyth, north carolina,0,0,0
union, north carolina,1,1,1
guilford, north carolina,1,1,1
harnett, north carolina,0,0,0
cabarrus, north carolina,0,0,1
brunswick, north carolina,0,0,0
iredell, north carolina,0,0,0
orange, north carolina,0,0,0
carteret, north carolina,0,0,0
new hanover, north carolina,0,0,1
buncombe, north carolina,0,0,0
cherokee, north carolina,0,0,0
franklin, north carolina,1,2,2
chatham, north carolina,0,0,0
johnston, north carolina,1,1,1
onslow, north carolina,0,0,0
wilson, north carolina,1,1,1
gaston, north carolina,0,0,0
pitt, north carolina,0,0,0
cumberland, north carolina,1,1,1
craven, north carolina,0,0,0
watauga, north carolina,0,0,0
moore, north carolina,1,1,1
rowan, north carolina,2,2,2
alamance, north carolina,0,0,0
wayne, north carolina,1,1,1
sampson, north carolina,0,0,0
lincoln, north carolina,0,0,0
hoke, north carolina,0,0,0
davidson, north carolina,0,0,0
pasquotank, north carolina,0,0,0
lee, north carolina,0,0,0
catawba, north carolina,0,0,0
chowan, north carolina,0,0,0
henderson, north carolina,1,1,1
robeson, north carolina,0,0,0
hyde, north carolina,0,0,0
granville, north carolina,1,1,1
davie, north carolina,0,0,0
montgomery, north carolina,0,0,0
nash, north carolina,0,0,0
scotland, north carolina,0,0,0
montgomery, maryland,11,12,13
prince george's, maryland,10,10,10
baltimore, maryland,6,6,6
baltimore city, maryland,6,6,6
howard, maryland,1,1,1
anne arundel, maryland,5,5,5
harford, maryland,1,1,1
charles, maryland,2,2,3
carroll, maryland,2,2,2
calvert, maryland,0,0,0
wicomico, maryland,0,0,0
worcester, maryland,0,0,0
talbot, maryland,0,0,0
frederick, maryland,3,3,4
caroline, maryland,0,0,0
queen anne's, maryland,0,0,0
somerset, maryland,0,0,0
washington, maryland,0,0,0
st. mary's, maryland,1,1,1
james city, virginia,0,0,0
fairfax, virginia,3,3,3
arlington, virginia,2,3,3
prince william, virginia,0,0,0
virginia beach, virginia,1,1,1
loudoun, virginia,0,0,0
chesterfield, virginia,0,0,0
henrico, virginia,7,7,8
richmond, virginia,0,0,0
alexandria, virginia,1,1,1
stafford, virginia,0,0,0
york, virginia,0,0,0
williamsburg, virginia,0,0,0
charlottesville, virginia,0,0,0
norfolk, virginia,0,0,0
spotsylvania, virginia,0,0,0
goochland, virginia,0,0,0
albemarle, virginia,0,0,0
gloucester, virginia,0,0,0
newport news, virginia,0,0,0
lee, virginia,0,0,0
rockingham, virginia,0,0,0
culpeper, virginia,0,0,0
hanover, virginia,0,0,0
prince edward, virginia,0,0,0
harrisonburg, virginia,0,0,0
charles city, virginia,0,0,0
botetourt, virginia,0,0,0
suffolk, virginia,0,0,0
accomack, virginia,0,0,0
mecklenburg, virginia,0,0,0
rockbridge, virginia,0,0,0
isle of wight, virginia,0,0,0
franklin, virginia,0,0,0
danville, virginia,0,0,0
bedford, virginia,0,0,0
amherst, virginia,0,0,0
fluvanna, virginia,0,0,0
louisa, virginia,0,0,0
hinds, mississippi,1,1,1
desoto, mississippi,0,0,0
harrison, mississippi,0,0,0
forrest, mississippi,0,0,0
pearl river, mississippi,1,1,1
madison, mississippi,0,0,0
leflore, mississippi,1,1,1
coahoma, mississippi,0,0,0
tippah, mississippi,0,0,0
rankin, mississippi,0,0,0
holmes, mississippi,0,0,0
lee, mississippi,0,0,0
jackson, mississippi,0,0,0
lafayette, mississippi,0,0,0
copiah, mississippi,0,0,0
hancock, mississippi,0,0,0
lincoln, mississippi,1,0,0
lowndes, mississippi,0,0,0
bolivar, mississippi,0,0,0
wilkinson, mississippi,0,0,0
franklin, mississippi,0,0,0
marshall, mississippi,0,0,0
pike, mississippi,0,0,0
itawamba, mississippi,0,0,0
washington, mississippi,0,0,0
monroe, mississippi,1,1,1
walthall, mississippi,0,0,0
winston, mississippi,0,0,0
lawrence, mississippi,0,0,0
grenada, mississippi,0,0,0
panola, mississippi,0,0,0
tunica, mississippi,0,0,0
oktibbeha, mississippi,0,0,0
sunflower, mississippi,0,0,0
perry, mississippi,0,0,0
jones, mississippi,0,0,0
smith, mississippi,0,0,0
yazoo, mississippi,0,0,0
humphreys, mississippi,0,0,0
webster, mississippi,0,0,0
adams, mississippi,1,1,1
clay, mississippi,0,0,0
george, mississippi,0,0,0
attala, mississippi,0,0,0
leake, mississippi,0,0,0
simpson, mississippi,0,0,0
union, mississippi,0,0,0
chickasaw, mississippi,0,0,0
montgomery, mississippi,0,0,0
pontotoc, mississippi,0,0,0
scott, mississippi,0,0,0
tate, mississippi,0,0,0
marion, indiana,14,14,13
hamilton, indiana,3,3,3
johnson, indiana,3,3,3
lake, indiana,4,4,5
hendricks, indiana,1,1,1
st. joseph, indiana,1,1,1
howard, indiana,0,0,0
bartholomew, indiana,1,1,1
franklin, indiana,0,0,0
clark, indiana,1,0,0
allen, indiana,3,3,3
elkhart, indiana,0,0,0
boone, indiana,2,2,3
floyd, indiana,1,1,1
laporte, indiana,0,0,0
tippecanoe, indiana,0,0,0
madison, indiana,2,3,3
vigo, indiana,0,0,0
grant, indiana,0,0,0
delaware, indiana,1,1,1
hancock, indiana,0,0,0
noble, indiana,0,0,1
adams, indiana,0,0,0
wells, indiana,0,0,0
fayette, indiana,0,0,0
jennings, indiana,0,0,0
wayne, indiana,0,0,0
owen, indiana,0,0,0
vanderburgh, indiana,0,0,0
shelby, indiana,1,1,1
scott, indiana,0,0,0
greene, indiana,0,0,1
monroe, indiana,1,1,1
miami, indiana,0,0,0
tipton, indiana,0,0,0
putnam, indiana,0,0,0
morgan, indiana,0,0,0
ripley, indiana,0,0,0
washington, indiana,0,0,0
dubois, indiana,0,0,0
kershaw, south carolina,0,0,0
richland, south carolina,0,0,0
greenville, south carolina,1,1,0
beaufort, south carolina,0,0,0
charleston, south carolina,0,0,0
lexington, south carolina,0,0,0
horry, south carolina,0,0,0
anderson, south carolina,0,0,0
lancaster, south carolina,0,0,0
darlington, south carolina,0,0,0
york, south carolina,0,0,0
sumter, south carolina,0,0,0
orangeburg, south carolina,0,0,0
greenwood, south carolina,0,0,0
spartanburg, south carolina,0,0,0
berkeley, south carolina,0,0,0
fairfield, south carolina,0,0,0
calhoun, south carolina,0,0,0
dorchester, south carolina,0,0,0
lee, south carolina,0,0,0
abbeville, south carolina,0,0,0
saluda, south carolina,0,0,0
aiken, south carolina,0,0,0
clarendon, south carolina,1,1,1
florence, south carolina,0,0,0
pickens, south carolina,0,0,0
colleton, south carolina,0,0,0
dillon, south carolina,0,0,0
edgefield, south carolina,0,0,0
marlboro, south carolina,0,0,0
newberry, south carolina,0,0,0
hampton, south carolina,0,0,0
jasper, south carolina,0,0,0
clark, nevada,6,6,5
washoe, nevada,1,1,1
carson city, nevada,0,0,0
elko county, nevada,0,0,0
salt lake, utah,1,1,2
summit, utah,0,0,0
davis, utah,0,0,0
wasatch, utah,0,0,0
utah, utah,0,0,0
tooele, utah,0,0,0
cache, utah,0,0,0
box elder, utah,0,0,0
hennepin, minnesota,9,10,10
ramsey, minnesota,1,1,1
olmsted, minnesota,0,0,0
dakota, minnesota,0,0,0
martin, minnesota,0,0,0
carver, minnesota,0,0,0
washington, minnesota,0,0,0
mower, minnesota,0,0,0
anoka, minnesota,0,0,0
stearns, minnesota,0,0,0
blue earth, minnesota,0,0,0
wright, minnesota,0,0,0
nicollet, minnesota,0,0,0
scott, minnesota,0,0,0
steele, minnesota,0,0,0
clay, minnesota,0,0,0
dodge, minnesota,0,0,0
renville, minnesota,0,0,0
waseca, minnesota,0,0,0
benton, minnesota,0,0,0
rice, minnesota,0,0,0
chisago, minnesota,0,0,0
wabasha, minnesota,0,0,0
jackson, minnesota,0,0,0
st. louis, minnesota,1,1,1
cass, minnesota,0,0,0
jefferson, arkansas,1,1,1
pulaski, arkansas,1,1,0
garland, arkansas,0,0,0
cleburne, arkansas,0,0,0
washington, arkansas,0,0,0
faulkner, arkansas,0,0,0
saline, arkansas,0,0,0
grant, arkansas,0,0,0
bradley, arkansas,0,0,0
clark, arkansas,0,0,0
craighead, arkansas,0,0,0
independence, arkansas,0,0,0
poinsett, arkansas,0,0,0
pope, arkansas,0,0,0
searcy, arkansas,0,0,0
sevier, arkansas,0,0,0
van buren, arkansas,0,0,0
benton, arkansas,0,0,0
boone, arkansas,0,0,0
crittenden, arkansas,1,1,1
greene, arkansas,0,0,0
polk, arkansas,0,0,0
sebastian, arkansas,0,0,0
columbia, arkansas,0,0,0
conway, arkansas,0,0,0
union, arkansas,0,0,0
woodruff, arkansas,0,0,0
washington, oregon,0,0,0
marion, oregon,0,0,0
multnomah, oregon,2,2,2
linn, oregon,0,0,0
clackamas, oregon,0,0,0
deschutes, oregon,0,0,0
yamhill, oregon,0,0,0
benton, oregon,0,0,0
lane, oregon,0,0,0
jackson, oregon,0,0,0
umatilla, oregon,0,0,0
klamath, oregon,0,0,0
douglas, oregon,0,0,0
polk, oregon,0,0,0
grant, oregon,0,0,0
union, oregon,0,0,0
josephine, oregon,0,0,0
jefferson, alabama,1,1,1
shelby, alabama,0,0,0
lee, alabama,1,2,2
madison, alabama,0,0,0
tuscaloosa, alabama,0,0,0
elmore, alabama,0,0,0
montgomery, alabama,0,0,0
st. clair, alabama,0,0,0
baldwin, alabama,0,0,0
chambers, alabama,1,1,1
mobile, alabama,3,3,4
lauderdale, alabama,0,0,0
cullman, alabama,0,0,0
limestone, alabama,0,0,0
calhoun, alabama,0,0,1
talladega, alabama,0,0,0
walker, alabama,0,0,0
jackson, alabama,0,0,0
lamar, alabama,0,0,0
washington, alabama,0,0,0
marion, alabama,0,0,0
maricopa, arizona,5,5,5
pima, arizona,5,6,6
pinal, arizona,1,1,1
coconino, arizona,2,2,2
navajo, arizona,1,1,2
yavapai, arizona,0,0,0
apache, arizona,1,1,1
graham, arizona,0,0,0
santa cruz, arizona,0,0,0
yuma, arizona,0,0,0
cochise, arizona,0,0,0
jefferson, kentucky,5,5,5
fayette, kentucky,0,0,0
harrison, kentucky,0,0,0
montgomery, kentucky,0,0,0
clark, kentucky,0,0,0
bourbon, kentucky,0,0,0
henderson, kentucky,0,0,0
warren, kentucky,0,0,0
pulaski, kentucky,0,0,0
nelson, kentucky,0,0,0
lyon, kentucky,0,0,0
kenton, kentucky,1,1,1
daviess, kentucky,0,0,0
anderson, kentucky,0,0,0
calloway, kentucky,0,0,0
christian, kentucky,0,0,0
franklin, kentucky,0,0,0
hardin, kentucky,0,0,0
oldham, kentucky,0,0,0
st. louis, missouri,8,8,8
boone, missouri,0,0,0
greene, missouri,0,0,0
st. louis city, missouri,4,4,4
jackson, missouri,1,1,1
cass, missouri,1,1,1
cole, missouri,0,0,0
st. charles, missouri,1,2,2
christian, missouri,0,0,0
henry, missouri,0,0,0
scott, missouri,0,0,0
pulaski, missouri,0,0,0
dunklin, missouri,0,0,0
jasper, missouri,0,0,0
adair, missouri,0,0,0
johnson, missouri,0,0,0
bates, missouri,0,0,0
johnson, iowa,0,0,0
polk, iowa,2,2,2
dallas, iowa,0,0,0
allamakee, iowa,0,0,0
dubuque, iowa,0,0,0
linn, iowa,2,2,2
harrison, iowa,0,0,0
black hawk, iowa,0,0,0
washington, iowa,0,0,0
tama, iowa,1,1,1
pottawattamie, iowa,0,0,0
muscatine, iowa,0,0,0
cerro gordo, iowa,0,0,0
carroll, iowa,0,0,0
adair, iowa,0,0,0
winneshiek, iowa,0,0,0
fayette, iowa,0,0,0
henry, iowa,0,0,0
story, iowa,0,0,0
scott, iowa,0,0,0
woodbury, iowa,0,0,0
kossuth, iowa,0,0,0
sioux, iowa,0,0,0
poweshiek, iowa,0,0,0
cumberland, maine,1,0,0
york, maine,0,0,0
lincoln, maine,0,0,0
oxford, maine,0,0,0
kennebec, maine,0,0,0
androscoggin, maine,0,0,0
sagadahoc, maine,0,0,0
penobscot, maine,0,0,0
providence, rhode island,0,0,0
bristol, rhode island,0,0,0
washington, rhode island,0,0,0
newport, rhode island,0,0,0
kent, rhode island,0,0,0
rockingham, new hampshire,0,0,0
grafton, new hampshire,0,0,0
hillsborough, new hampshire,0,0,0
carroll, new hampshire,0,0,0
merrimack, new hampshire,0,0,0
strafford, new hampshire,0,0,0
cheshire, new hampshire,0,0,0
sullivan, new hampshire,0,0,0
oklahoma, oklahoma,0,0,0
cleveland, oklahoma,0,0,0
tulsa, oklahoma,1,1,1
kay, oklahoma,0,0,0
pawnee, oklahoma,0,0,0
payne, oklahoma,0,0,0
canadian, oklahoma,0,0,0
washington, oklahoma,1,1,1
garvin, oklahoma,0,0,0
jackson, oklahoma,0,0,0
custer, oklahoma,0,0,0
grady, oklahoma,0,0,0
logan, oklahoma,0,0,0
mcclain, oklahoma,0,0,0
muskogee, oklahoma,0,0,0
noble, oklahoma,0,0,0
johnson, kansas,3,3,3
wyandotte, kansas,3,4,4
douglas, kansas,0,0,0
leavenworth, kansas,0,0,0
butler, kansas,0,0,0
linn, kansas,0,0,0
morris, kansas,0,0,0
sedgwick, kansas,0,0,0
franklin, kansas,0,0,0
cherokee, kansas,0,0,0
jackson, kansas,0,0,0
riley, kansas,0,0,0
reno, kansas,0,0,0
mitchell, kansas,0,0,0
ford, kansas,0,0,0
bernalillo, new mexico,1,1,1
santa fe, new mexico,0,0,0
sandoval, new mexico,0,0,0
taos, new mexico,0,0,0
socorro, new mexico,0,0,0
dona ana, new mexico,0,0,0
san miguel, new mexico,0,0,0
mckinley, new mexico,0,0,0
lea, new mexico,0,0,0
honolulu, hawaii,0,0,0
maui, hawaii,0,0,0
kauai, hawaii,0,0,0
new castle, delaware,3,3,3
sussex, delaware,3,3,4
kent, delaware,1,1,1
chittenden, vermont,1,1,1
windsor, vermont,0,0,0
windham, vermont,0,0,0
bennington, vermont,0,0,0
orange, vermont,0,0,0
addison, vermont,0,0,0
rutland, vermont,0,0,0
washington, vermont,0,0,0
franklin, vermont,0,0,0
douglas, nebraska,0,0,0
sarpy, nebraska,0,0,0
lincoln, nebraska,0,0,0
knox, nebraska,0,0,0
lancaster, nebraska,0,0,0
buffalo, nebraska,0,0,0
cass, nebraska,0,0,0
adams, nebraska,0,0,0
nemaha, nebraska,0,0,0
blaine, idaho,0,0,0
ada, idaho,1,1,1
kootenai, idaho,0,0,0
teton, idaho,0,0,0
bingham, idaho,0,0,0
madison, idaho,0,0,0
twin falls, idaho,1,1,1
canyon, idaho,0,0,0
gallatin, montana,0,0,0
yellowstone, montana,0,0,0
missoula, montana,0,0,0
lewis and clark, montana,0,0,0
cascade, montana,0,0,0
silver bow, montana,0,0,0
flathead, montana,0,0,0
broadwater, montana,0,0,0
roosevelt, montana,0,0,0
madison, montana,0,0,0
ravalli, montana,0,0,0
burleigh, north dakota,0,0,0
morton, north dakota,0,0,0
ward, north dakota,0,0,0
cass, north dakota,0,1,1
ramsey, north dakota,0,0,0
pierce, north dakota,0,0,0
fremont, wyoming,0,0,0
laramie, wyoming,0,0,0
sheridan, wyoming,0,0,0
teton, wyoming,0,0,0
park, wyoming,0,0,0
campbell, wyoming,0,0,0
natrona, wyoming,0,0,0
carbon, wyoming,0,0,0
beadle, south dakota,0,0,0
minnehaha, south dakota,0,0,0
pennington, south dakota,0,0,0
charles mix, south dakota,0,0,0
davison, south dakota,0,0,0
bon homme, south dakota,0,0,0
mccook, south dakota,0,0,0
brown, south dakota,0,0,0
fairbanks north star, alaska,0,0,0
ketchikan gateway, alaska,0,0,0
anchorage, alaska,0,0,0
jefferson, west virginia,0,0,0
kanawha, west virginia,0,0,0
mercer, west virginia,0,0,0
tucker, west virginia,0,0,0
monongalia, west virginia,0,0,0
marshall, west virginia,0,0,0
jackson, west virginia,0,0,0
putnam, west virginia,0,0,0
autauga, alabama,0,0,0
barbour, alabama,0,0,0
bibb, alabama,0,0,0
blount, alabama,0,0,0
bullock, alabama,0,0,0
butler, alabama,0,0,0
cherokee, alabama,0,0,0
chilton, alabama,0,0,0
choctaw, alabama,0,0,0
clarke, alabama,0,0,0
clay, alabama,0,0,0
cleburne, alabama,0,0,0
coffee, alabama,0,0,0
colbert, alabama,0,0,0
conecuh, alabama,0,0,0
coosa, alabama,0,0,0
covington, alabama,0,0,0
crenshaw, alabama,0,0,0
dale, alabama,0,0,0
dallas, alabama,0,0,0
dekalb, alabama,0,0,0
escambia, alabama,0,0,0
etowah, alabama,0,0,0
fayette, alabama,0,0,0
franklin, alabama,0,0,0
geneva, alabama,0,0,0
greene, alabama,0,0,0
hale, alabama,0,0,0
henry, alabama,0,0,0
houston, alabama,0,0,0
lawrence, alabama,0,0,0
lowndes, alabama,0,0,0
macon, alabama,0,0,0
marengo, alabama,0,0,0
marshall, alabama,1,1,1
monroe, alabama,0,0,0
morgan, alabama,0,0,0
perry, alabama,0,0,0
pickens, alabama,0,0,0
pike, alabama,0,0,0
randolph, alabama,0,0,0
russell, alabama,0,0,0
sumter, alabama,0,0,0
tallapoosa, alabama,1,2,2
wilcox, alabama,0,0,0
winston, alabama,0,0,0
aleutians east, alaska,0,0,0
aleutians west, alaska,0,0,0
bethel, alaska,0,0,0
bristol bay, alaska,0,0,0
denali, alaska,0,0,0
dillingham, alaska,0,0,0
haines, alaska,0,0,0
hoonah-angoon, alaska,0,0,0
juneau, alaska,0,0,0
kenai peninsula, alaska,0,0,0
kodiak island, alaska,0,0,0
kusilvak, alaska,0,0,0
lake and peninsula, alaska,0,0,0
matanuska-susitna, alaska,0,0,0
nome, alaska,0,0,0
north slope, alaska,0,0,0
northwest arctic, alaska,0,0,0
petersburg, alaska,0,0,0
prince of wales-hyder, alaska,0,0,0
sitka, alaska,0,0,0
skagway, alaska,0,0,0
southeast fairbanks, alaska,0,0,0
valdez-cordova, alaska,0,0,0
wrangell, alaska,0,0,0
yakutat, alaska,0,0,0
yukon-koyukuk, alaska,0,0,0
gila, arizona,0,0,0
greenlee, arizona,0,0,0
la paz, arizona,0,0,0
mohave, arizona,0,1,1
arkansas, arkansas,0,0,0
ashley, arkansas,0,0,0
baxter, arkansas,0,0,0
calhoun, arkansas,0,0,0
carroll, arkansas,0,0,0
chicot, arkansas,0,0,0
clay, arkansas,0,0,0
cleveland, arkansas,0,0,0
crawford, arkansas,0,0,0
cross, arkansas,0,0,0
dallas, arkansas,0,0,0
desha, arkansas,0,0,0
drew, arkansas,0,0,0
franklin, arkansas,0,0,0
fulton, arkansas,0,0,0
hempstead, arkansas,0,0,0
hot spring, arkansas,0,0,0
howard, arkansas,0,0,0
izard, arkansas,0,0,0
jackson, arkansas,0,0,0
johnson, arkansas,0,0,0
lafayette, arkansas,0,0,0
lawrence, arkansas,0,0,0
lee, arkansas,0,0,0
lincoln, arkansas,0,0,0
little river, arkansas,0,0,0
logan, arkansas,0,0,0
lonoke, arkansas,0,0,0
madison, arkansas,0,0,0
marion, arkansas,0,0,0
miller, arkansas,0,0,0
mississippi, arkansas,0,0,0
monroe, arkansas,0,0,0
montgomery, arkansas,0,0,0
nevada, arkansas,0,0,0
newton, arkansas,0,0,0
ouachita, arkansas,0,0,0
perry, arkansas,0,0,0
phillips, arkansas,0,0,0
pike, arkansas,0,0,0
prairie, arkansas,0,0,0
randolph, arkansas,0,0,0
scott, arkansas,0,0,0
sharp, arkansas,0,0,0
st. francis, arkansas,0,0,0
stone, arkansas,0,0,0
white, arkansas,0,0,0
yell, arkansas,0,0,0
alpine, california,0,0,0
colusa, california,0,0,0
del norte, california,0,0,0
el dorado, california,0,0,0
glenn, california,0,0,0
inyo, california,0,0,0
kings, california,0,0,0
lake, california,0,0,0
lassen, california,0,0,0
mariposa, california,0,0,0
merced, california,0,0,0
modoc, california,0,0,0
plumas, california,0,0,0
sierra, california,0,0,0
sutter, california,0,0,0
tehama, california,0,0,0
trinity, california,0,0,0
tuolumne, california,0,0,0
alamosa, colorado,0,0,0
archuleta, colorado,0,0,0
baca, colorado,0,0,0
bent, colorado,0,0,0
cheyenne, colorado,0,0,0
conejos, colorado,0,0,0
costilla, colorado,0,0,0
custer, colorado,0,0,0
delta, colorado,0,0,0
dolores, colorado,0,0,0
fremont, colorado,0,0,0
gilpin, colorado,0,0,0
huerfano, colorado,0,0,0
jackson, colorado,0,0,0
kiowa, colorado,0,0,0
kit carson, colorado,0,0,0
la plata, colorado,0,0,0
lake, colorado,0,0,0
las animas, colorado,0,0,0
lincoln, colorado,0,0,0
logan, colorado,0,0,0
mineral, colorado,0,0,0
moffat, colorado,0,0,0
montezuma, colorado,0,0,0
otero, colorado,0,0,0
ouray, colorado,0,0,0
phillips, colorado,0,0,0
prowers, colorado,0,0,0
rio blanco, colorado,0,0,0
rio grande, colorado,0,0,0
saguache, colorado,0,0,0
san juan, colorado,0,0,0
sedgwick, colorado,0,0,0
teller, colorado,0,0,0
washington, colorado,0,0,0
district of columbia, district of columbia,9,9,9
calhoun, florida,0,0,0
dixie, florida,0,0,0
franklin, florida,0,0,0
gilchrist, florida,0,0,0
glades, florida,0,0,0
gulf, florida,0,0,0
hamilton, florida,0,0,0
hardee, florida,0,0,0
hendry, florida,0,0,0
holmes, florida,0,0,0
jefferson, florida,0,0,0
lafayette, florida,0,0,0
levy, florida,0,0,0
liberty, florida,0,0,0
madison, florida,0,0,0
okeechobee, florida,0,0,0
suwannee, florida,1,1,1
taylor, florida,0,0,0
union, florida,0,0,0
wakulla, florida,0,0,0
washington, florida,0,0,0
appling, georgia,0,0,0
atkinson, georgia,0,0,0
bacon, georgia,0,0,0
baker, georgia,0,0,0
banks, georgia,0,0,0
ben hill, georgia,0,0,0
berrien, georgia,0,0,0
bleckley, georgia,0,0,0
brantley, georgia,0,0,0
brooks, georgia,1,1,1
bryan, georgia,0,0,0
bulloch, georgia,0,0,0
burke, georgia,0,0,0
calhoun, georgia,0,0,0
camden, georgia,0,0,0
candler, georgia,0,0,0
catoosa, georgia,0,0,0
chattahoochee, georgia,0,0,0
clay, georgia,0,0,0
coffee, georgia,0,0,0
colquitt, georgia,0,0,0
cook, georgia,0,0,0
crawford, georgia,0,0,0
crisp, georgia,0,0,0
dade, georgia,0,0,0
decatur, georgia,0,0,0
dodge, georgia,0,0,0
dooly, georgia,0,1,1
echols, georgia,0,0,0
elbert, georgia,0,0,0
emanuel, georgia,0,0,0
evans, georgia,0,0,0
fannin, georgia,0,0,0
franklin, georgia,0,0,0
gilmer, georgia,0,0,0
glascock, georgia,0,0,0
grady, georgia,0,0,0
greene, georgia,0,0,0
habersham, georgia,0,0,0
hancock, georgia,0,0,0
haralson, georgia,0,0,0
harris, georgia,0,0,0
hart, georgia,0,0,0
irwin, georgia,0,0,0
jackson, georgia,0,0,0
jasper, georgia,0,0,0
jeff davis, georgia,0,0,0
jefferson, georgia,0,0,0
jenkins, georgia,0,0,0
johnson, georgia,0,0,0
jones, georgia,0,0,0
lanier, georgia,0,0,0
liberty, georgia,0,0,0
long, georgia,0,0,0
macon, georgia,0,0,0
madison, georgia,0,0,0
marion, georgia,0,0,0
mcduffie, georgia,0,0,0
mcintosh, georgia,0,0,0
meriwether, georgia,0,0,0
mitchell, georgia,2,2,1
montgomery, georgia,0,0,0
morgan, georgia,0,0,0
murray, georgia,0,0,0
oglethorpe, georgia,0,0,0
pierce, georgia,0,0,0
pike, georgia,0,0,0
pulaski, georgia,0,0,0
putnam, georgia,0,0,0
quitman, georgia,0,0,0
rabun, georgia,0,0,0
schley, georgia,0,0,0
screven, georgia,0,0,0
seminole, georgia,0,0,0
stephens, georgia,0,0,0
stewart, georgia,0,0,0
talbot, georgia,0,0,0
taliaferro, georgia,0,0,0
tattnall, georgia,0,0,0
taylor, georgia,0,0,0
telfair, georgia,0,0,0
thomas, georgia,2,2,2
toombs, georgia,0,0,0
towns, georgia,0,0,0
treutlen, georgia,0,0,0
union, georgia,0,0,0
upson, georgia,1,1,2
walker, georgia,0,0,0
walton, georgia,0,0,0
ware, georgia,0,0,0
warren, georgia,0,0,0
washington, georgia,0,0,0
wayne, georgia,0,0,0
webster, georgia,0,0,0
wheeler, georgia,0,0,0
white, georgia,0,0,0
wilcox, georgia,1,1,1
wilkes, georgia,0,0,0
wilkinson, georgia,0,0,0
hawaii, hawaii,0,0,0
kalawao, hawaii,0,0,0
adams, idaho,0,0,0
bannock, idaho,0,0,0
bear lake, idaho,0,0,0
benewah, idaho,0,0,0
boise, idaho,0,0,0
bonner, idaho,0,0,0
bonneville, idaho,0,0,0
boundary, idaho,0,0,0
butte, idaho,0,0,0
camas, idaho,0,0,0
caribou, idaho,0,0,0
cassia, idaho,0,0,0
clark, idaho,0,0,0
clearwater, idaho,0,0,0
custer, idaho,0,0,0
elmore, idaho,0,0,0
franklin, idaho,0,0,0
fremont, idaho,0,0,0
gem, idaho,0,0,0
gooding, idaho,0,0,0
idaho, idaho,0,0,0
jefferson, idaho,0,0,0
jerome, idaho,0,0,0
latah, idaho,0,0,0
lemhi, idaho,0,0,0
lewis, idaho,0,0,0
lincoln, idaho,0,0,0
minidoka, idaho,0,0,0
nez perce, idaho,1,1,1
oneida, idaho,0,0,0
owyhee, idaho,0,0,0
payette, idaho,0,0,0
power, idaho,0,0,0
shoshone, idaho,0,0,0
valley, idaho,0,0,0
washington, idaho,0,0,0
alexander, illinois,0,0,0
bond, illinois,0,0,0
boone, illinois,1,1,1
brown, illinois,0,0,0
bureau, illinois,0,0,0
calhoun, illinois,0,0,0
carroll, illinois,0,0,0
cass, illinois,0,0,0
clark, illinois,0,0,0
clay, illinois,0,0,0
coles, illinois,0,0,0
crawford, illinois,0,0,0
de witt, illinois,0,0,0
douglas, illinois,0,0,0
edgar, illinois,0,0,0
edwards, illinois,0,0,0
effingham, illinois,0,0,0
fayette, illinois,0,0,0
ford, illinois,0,0,0
franklin, illinois,0,0,0
fulton, illinois,0,0,0
gallatin, illinois,0,0,0
greene, illinois,0,0,0
grundy, illinois,0,0,0
hamilton, illinois,0,0,0
hancock, illinois,0,0,0
hardin, illinois,0,0,0
henderson, illinois,0,0,0
henry, illinois,0,0,0
iroquois, illinois,0,0,0
jasper, illinois,0,0,0
jefferson, illinois,0,0,0
jersey, illinois,0,0,0
johnson, illinois,0,0,0
knox, illinois,0,0,0
lawrence, illinois,0,0,0
lee, illinois,0,0,0
logan, illinois,0,0,0
macon, illinois,1,1,1
macoupin, illinois,0,0,0
marion, illinois,0,0,0
marshall, illinois,0,0,0
mason, illinois,0,0,0
massac, illinois,0,0,0
mcdonough, illinois,0,0,0
menard, illinois,0,0,0
mercer, illinois,0,0,0
monroe, illinois,1,1,1
montgomery, illinois,0,0,0
morgan, illinois,0,0,0
moultrie, illinois,0,0,0
ogle, illinois,0,0,0
perry, illinois,0,0,0
piatt, illinois,0,0,0
pike, illinois,0,0,0
pope, illinois,0,0,0
pulaski, illinois,0,0,0
putnam, illinois,0,0,0
randolph, illinois,0,0,0
richland, illinois,0,0,0
saline, illinois,0,0,0
schuyler, illinois,0,0,0
scott, illinois,0,0,0
shelby, illinois,0,0,0
stark, illinois,0,0,0
tazewell, illinois,0,0,0
union, illinois,0,0,0
vermilion, illinois,0,0,0
wabash, illinois,0,0,0
warren, illinois,0,0,0
wayne, illinois,0,0,0
white, illinois,0,0,0
benton, indiana,0,0,0
blackford, indiana,0,0,0
brown, indiana,0,0,0
carroll, indiana,0,0,0
cass, indiana,0,0,0
clay, indiana,0,0,0
clinton, indiana,0,0,0
crawford, indiana,0,0,0
daviess, indiana,1,1,1
dearborn, indiana,0,0,0
decatur, indiana,2,2,2
dekalb, indiana,0,0,0
fountain, indiana,0,0,0
fulton, indiana,0,0,0
gibson, indiana,0,0,0
harrison, indiana,0,0,0
henry, indiana,0,0,0
huntington, indiana,0,0,0
jackson, indiana,0,0,0
jasper, indiana,0,0,0
jay, indiana,0,0,0
jefferson, indiana,0,0,0
knox, indiana,0,0,0
kosciusko, indiana,0,0,0
lagrange, indiana,0,0,0
lawrence, indiana,0,0,0
marshall, indiana,0,0,0
martin, indiana,0,0,0
montgomery, indiana,0,0,0
newton, indiana,0,0,0
ohio, indiana,0,0,0
orange, indiana,0,0,0
parke, indiana,0,0,0
perry, indiana,0,0,0
pike, indiana,0,0,0
porter, indiana,1,1,1
posey, indiana,0,0,0
pulaski, indiana,0,0,0
randolph, indiana,0,0,0
rush, indiana,0,0,0
spencer, indiana,0,0,0
starke, indiana,0,0,0
steuben, indiana,0,0,0
sullivan, indiana,0,0,0
switzerland, indiana,0,0,0
union, indiana,0,0,0
vermillion, indiana,0,0,0
wabash, indiana,0,0,0
warren, indiana,0,0,0
warrick, indiana,1,1,1
white, indiana,0,0,0
whitley, indiana,0,0,0
adams, iowa,0,0,0
appanoose, iowa,0,0,0
audubon, iowa,0,0,0
benton, iowa,0,0,0
boone, iowa,0,0,0
bremer, iowa,0,0,0
buchanan, iowa,0,0,0
buena vista, iowa,0,0,0
butler, iowa,0,0,0
calhoun, iowa,0,0,0
cass, iowa,0,0,0
cedar, iowa,0,0,0
cherokee, iowa,0,0,0
chickasaw, iowa,0,0,0
clarke, iowa,0,0,0
clay, iowa,0,0,0
clayton, iowa,0,0,0
clinton, iowa,0,0,0
crawford, iowa,0,0,0
davis, iowa,0,0,0
decatur, iowa,0,0,0
delaware, iowa,0,0,0
des moines, iowa,0,0,0
dickinson, iowa,0,0,0
emmet, iowa,0,0,0
floyd, iowa,0,0,0
franklin, iowa,0,0,0
fremont, iowa,0,0,0
greene, iowa,0,0,0
grundy, iowa,0,0,0
guthrie, iowa,0,0,0
hamilton, iowa,0,0,0
hancock, iowa,0,0,0
hardin, iowa,0,0,0
howard, iowa,0,0,0
humboldt, iowa,0,0,0
ida, iowa,0,0,0
iowa, iowa,0,0,0
jackson, iowa,0,0,0
jasper, iowa,0,0,0
jefferson, iowa,0,0,0
jones, iowa,0,0,0
keokuk, iowa,0,0,0
lee, iowa,0,0,0
louisa, iowa,0,0,0
lucas, iowa,0,0,0
lyon, iowa,0,0,0
madison, iowa,0,0,0
mahaska, iowa,0,0,0
marion, iowa,0,0,0
marshall, iowa,0,0,0
mills, iowa,0,0,0
mitchell, iowa,0,0,0
monona, iowa,0,0,0
monroe, iowa,0,0,0
montgomery, iowa,0,0,0
o'brien, iowa,0,0,0
osceola, iowa,0,0,0
page, iowa,0,0,0
palo alto, iowa,0,0,0
plymouth, iowa,0,0,0
pocahontas, iowa,0,0,0
ringgold, iowa,0,0,0
sac, iowa,0,0,0
shelby, iowa,0,0,0
taylor, iowa,0,0,0
union, iowa,0,0,0
van buren, iowa,0,0,0
wapello, iowa,0,0,0
warren, iowa,0,0,0
wayne, iowa,0,0,0
webster, iowa,0,0,0
winnebago, iowa,0,0,0
worth, iowa,0,0,0
wright, iowa,0,0,0
allen, kansas,0,0,0
anderson, kansas,0,0,0
atchison, kansas,0,0,0
barber, kansas,0,0,0
barton, kansas,0,0,0
bourbon, kansas,0,0,0
brown, kansas,0,0,0
chase, kansas,0,0,0
chautauqua, kansas,0,0,0
cheyenne, kansas,0,0,0
clark, kansas,0,0,0
clay, kansas,0,0,0
cloud, kansas,0,0,0
coffey, kansas,1,1,1
comanche, kansas,0,0,0
cowley, kansas,0,0,0
crawford, kansas,0,0,0
decatur, kansas,0,0,0
dickinson, kansas,0,0,0
doniphan, kansas,0,0,0
edwards, kansas,0,0,0
elk, kansas,0,0,0
ellis, kansas,0,0,0
ellsworth, kansas,0,0,0
finney, kansas,0,0,0
geary, kansas,0,0,0
gove, kansas,0,0,0
graham, kansas,0,0,0
grant, kansas,0,0,0
gray, kansas,0,0,0
greeley, kansas,0,0,0
greenwood, kansas,0,0,0
hamilton, kansas,0,0,0
harper, kansas,0,0,0
harvey, kansas,0,0,0
haskell, kansas,0,0,0
hodgeman, kansas,0,0,0
jefferson, kansas,0,0,0
jewell, kansas,0,0,0
kearny, kansas,0,0,0
kingman, kansas,0,0,0
kiowa, kansas,0,0,0
labette, kansas,0,0,0
lane, kansas,0,0,0
lincoln, kansas,0,0,0
logan, kansas,0,0,0
lyon, kansas,0,0,0
marion, kansas,0,0,0
marshall, kansas,0,0,0
mcpherson, kansas,0,0,0
meade, kansas,0,0,0
miami, kansas,0,0,0
montgomery, kansas,0,0,0
morton, kansas,0,0,0
nemaha, kansas,0,0,0
neosho, kansas,0,0,0
ness, kansas,0,0,0
norton, kansas,0,0,0
osage, kansas,0,0,0
osborne, kansas,0,0,0
ottawa, kansas,0,0,0
pawnee, kansas,0,0,0
phillips, kansas,0,0,0
pottawatomie, kansas,0,0,0
pratt, kansas,0,0,0
rawlins, kansas,0,0,0
republic, kansas,0,0,0
rice, kansas,0,0,0
rooks, kansas,0,0,0
rush, kansas,0,0,0
russell, kansas,0,0,0
saline, kansas,0,0,0
scott, kansas,0,0,0
seward, kansas,0,0,0
shawnee, kansas,0,0,0
sheridan, kansas,0,0,0
sherman, kansas,0,0,0
smith, kansas,0,0,0
stafford, kansas,0,0,0
stanton, kansas,0,0,0
stevens, kansas,0,0,0
sumner, kansas,0,0,0
thomas, kansas,0,0,0
trego, kansas,0,0,0
wabaunsee, kansas,0,0,0
wallace, kansas,0,0,0
washington, kansas,0,0,0
wichita, kansas,0,0,0
wilson, kansas,0,0,0
woodson, kansas,0,0,0
adair, kentucky,1,1,1
allen, kentucky,0,0,0
ballard, kentucky,0,0,0
barren, kentucky,0,0,0
bath, kentucky,0,0,0
bell, kentucky,0,0,0
boone, kentucky,0,0,0
boyd, kentucky,0,0,0
boyle, kentucky,0,0,0
bracken, kentucky,0,0,0
breathitt, kentucky,0,0,0
breckinridge, kentucky,0,0,0
bullitt, kentucky,0,0,0
butler, kentucky,0,0,0
caldwell, kentucky,0,0,0
campbell, kentucky,0,0,0
carlisle, kentucky,0,0,0
carroll, kentucky,0,0,0
carter, kentucky,0,0,0
casey, kentucky,0,0,0
clay, kentucky,0,0,0
clinton, kentucky,0,0,0
crittenden, kentucky,0,0,0
cumberland, kentucky,0,0,0
edmonson, kentucky,0,0,0
elliott, kentucky,0,0,0
estill, kentucky,0,0,0
fleming, kentucky,0,0,0
floyd, kentucky,0,0,0
fulton, kentucky,0,0,0
gallatin, kentucky,0,0,0
garrard, kentucky,0,0,0
grant, kentucky,0,0,0
graves, kentucky,1,1,1
grayson, kentucky,0,0,0
green, kentucky,0,0,0
greenup, kentucky,0,0,0
hancock, kentucky,0,0,0
harlan, kentucky,0,0,0
hart, kentucky,0,0,0
henry, kentucky,0,0,0
hickman, kentucky,0,0,0
hopkins, kentucky,1,2,2
jackson, kentucky,1,1,1
jessamine, kentucky,0,0,0
johnson, kentucky,0,0,0
knott, kentucky,0,0,0
knox, kentucky,0,0,0
larue, kentucky,0,0,0
laurel, kentucky,0,0,0
lawrence, kentucky,0,0,0
lee, kentucky,0,0,0
leslie, kentucky,0,0,0
letcher, kentucky,0,0,0
lewis, kentucky,0,0,0
lincoln, kentucky,0,0,0
livingston, kentucky,0,0,0
logan, kentucky,0,0,0
madison, kentucky,0,0,0
magoffin, kentucky,0,0,0
marion, kentucky,0,0,0
marshall, kentucky,0,0,0
martin, kentucky,0,0,0
mason, kentucky,0,0,0
mccracken, kentucky,0,0,0
mccreary, kentucky,0,0,0
mclean, kentucky,0,0,0
meade, kentucky,0,0,0
menifee, kentucky,0,0,0
mercer, kentucky,0,0,0
metcalfe, kentucky,0,0,0
monroe, kentucky,0,0,0
morgan, kentucky,0,0,0
muhlenberg, kentucky,0,0,0
nicholas, kentucky,0,0,0
ohio, kentucky,0,0,0
owen, kentucky,0,0,0
owsley, kentucky,0,0,0
pendleton, kentucky,0,0,0
perry, kentucky,0,0,0
pike, kentucky,0,0,0
powell, kentucky,0,0,0
robertson, kentucky,0,0,0
rockcastle, kentucky,0,0,0
rowan, kentucky,0,0,0
russell, kentucky,0,0,0
scott, kentucky,0,0,0
shelby, kentucky,0,0,0
simpson, kentucky,0,0,0
spencer, kentucky,0,0,0
taylor, kentucky,0,0,0
todd, kentucky,0,0,0
trigg, kentucky,0,0,0
trimble, kentucky,0,0,0
union, kentucky,0,0,0
washington, kentucky,0,0,0
wayne, kentucky,0,0,0
webster, kentucky,0,0,0
whitley, kentucky,0,0,0
wolfe, kentucky,0,0,0
woodford, kentucky,0,0,0
allen, louisiana,0,0,0
caldwell, louisiana,0,0,0
cameron, louisiana,0,0,0
concordia, louisiana,0,0,0
east carroll, louisiana,0,0,0
east feliciana, louisiana,1,1,1
franklin, louisiana,0,0,0
grant, louisiana,0,0,0
jackson, louisiana,0,0,0
jefferson davis, louisiana,1,1,1
lasalle, louisiana,0,0,0
lincoln, louisiana,0,0,0
madison, louisiana,0,0,0
morehouse, louisiana,0,0,0
natchitoches, louisiana,0,0,0
pointe coupee, louisiana,1,1,1
red river, louisiana,0,0,0
richland, louisiana,0,0,0
sabine, louisiana,0,0,0
st. helena, louisiana,0,0,0
st. martin, louisiana,0,0,0
tensas, louisiana,0,0,0
union, louisiana,0,0,0
vermilion, louisiana,0,0,0
vernon, louisiana,0,0,0
west carroll, louisiana,0,0,0
west feliciana, louisiana,0,0,0
winn, louisiana,0,0,0
aroostook, maine,0,0,0
franklin, maine,0,0,0
hancock, maine,0,0,0
knox, maine,0,0,0
piscataquis, maine,0,0,0
somerset, maine,0,0,0
waldo, maine,1,1,1
washington, maine,0,0,0
allegany, maryland,0,0,0
cecil, maryland,0,0,0
dorchester, maryland,0,0,0
garrett, maryland,0,0,0
kent, maryland,0,0,0
dukes, massachusetts,0,0,0
nantucket, massachusetts,0,0,0
alcona, michigan,0,0,0
alger, michigan,0,0,0
alpena, michigan,0,0,0
antrim, michigan,0,0,0
arenac, michigan,0,0,0
baraga, michigan,0,0,0
benzie, michigan,0,0,0
branch, michigan,0,0,0
cass, michigan,0,0,0
cheboygan, michigan,0,0,0
chippewa, michigan,0,0,0
crawford, michigan,0,0,0
delta, michigan,0,0,0
dickinson, michigan,0,0,0
gogebic, michigan,0,0,0
gratiot, michigan,0,0,0
hillsdale, michigan,1,1,1
houghton, michigan,0,0,0
huron, michigan,0,0,0
ionia, michigan,0,0,0
iosco, michigan,0,0,0
iron, michigan,0,0,0
isabella, michigan,0,0,0
kalamazoo, michigan,1,0,0
kalkaska, michigan,0,0,0
keweenaw, michigan,0,0,0
lake, michigan,0,0,0
lapeer, michigan,2,3,3
lenawee, michigan,0,0,0
luce, michigan,0,0,0
mackinac, michigan,0,0,0
manistee, michigan,0,0,0
marquette, michigan,0,0,0
mason, michigan,0,0,0
mecosta, michigan,0,0,0
menominee, michigan,0,0,0
missaukee, michigan,0,0,0
montmorency, michigan,0,0,0
muskegon, michigan,1,1,1
newaygo, michigan,0,0,0
oceana, michigan,0,0,0
ogemaw, michigan,0,0,0
ontonagon, michigan,0,0,0
osceola, michigan,0,0,0
oscoda, michigan,0,0,0
presque isle, michigan,0,0,0
sanilac, michigan,0,0,0
schoolcraft, michigan,0,0,0
shiawassee, michigan,0,0,0
st. joseph, michigan,0,0,0
van buren, michigan,0,0,0
aitkin, minnesota,0,0,0
becker, minnesota,0,0,0
beltrami, minnesota,0,0,0
big stone, minnesota,0,0,0
brown, minnesota,0,0,0
carlton, minnesota,0,0,0
chippewa, minnesota,0,0,0
clearwater, minnesota,0,0,0
cook, minnesota,0,0,0
cottonwood, minnesota,0,0,0
crow wing, minnesota,0,0,0
douglas, minnesota,0,0,0
faribault, minnesota,0,0,0
fillmore, minnesota,0,0,0
freeborn, minnesota,0,0,0
goodhue, minnesota,0,0,0
grant, minnesota,0,0,0
houston, minnesota,0,0,0
hubbard, minnesota,0,0,0
isanti, minnesota,0,0,0
itasca, minnesota,0,0,0
kanabec, minnesota,0,0,0
kandiyohi, minnesota,0,0,0
kittson, minnesota,0,0,0
koochiching, minnesota,0,0,0
lac qui parle, minnesota,0,0,0
lake, minnesota,0,0,0
lake of the woods, minnesota,0,0,0
le sueur, minnesota,0,0,0
lincoln, minnesota,0,0,0
lyon, minnesota,0,0,0
mahnomen, minnesota,0,0,0
marshall, minnesota,0,0,0
mcleod, minnesota,0,0,0
meeker, minnesota,0,0,0
mille lacs, minnesota,0,0,0
morrison, minnesota,0,0,0
murray, minnesota,0,0,0
nobles, minnesota,0,0,0
norman, minnesota,0,0,0
otter tail, minnesota,0,0,0
pennington, minnesota,0,0,0
pine, minnesota,0,0,0
pipestone, minnesota,0,0,0
polk, minnesota,0,0,0
pope, minnesota,0,0,0
red lake, minnesota,0,0,0
redwood, minnesota,0,0,0
rock, minnesota,0,0,0
roseau, minnesota,0,0,0
sherburne, minnesota,0,0,0
sibley, minnesota,0,0,0
stevens, minnesota,0,0,0
swift, minnesota,0,0,0
todd, minnesota,0,0,0
traverse, minnesota,0,0,0
wadena, minnesota,0,0,0
watonwan, minnesota,0,0,0
wilkin, minnesota,0,0,0
winona, minnesota,1,1,1
yellow medicine, minnesota,0,0,0
alcorn, mississippi,0,0,0
amite, mississippi,0,0,0
benton, mississippi,0,0,0
calhoun, mississippi,0,0,0
carroll, mississippi,0,0,0
choctaw, mississippi,0,0,0
claiborne, mississippi,0,0,0
clarke, mississippi,0,0,0
covington, mississippi,0,0,0
greene, mississippi,0,0,0
issaquena, mississippi,0,0,0
jasper, mississippi,0,0,0
jefferson, mississippi,0,0,0
jefferson davis, mississippi,0,0,0
kemper, mississippi,0,0,0
lamar, mississippi,0,0,0
lauderdale, mississippi,2,2,2
marion, mississippi,0,0,0
neshoba, mississippi,0,0,0
newton, mississippi,0,0,0
noxubee, mississippi,0,0,0
prentiss, mississippi,0,0,0
quitman, mississippi,0,0,0
sharkey, mississippi,0,0,0
stone, mississippi,0,0,0
tallahatchie, mississippi,0,0,0
tishomingo, mississippi,0,0,0
warren, mississippi,0,0,0
wayne, mississippi,0,0,0
yalobusha, mississippi,0,0,0
andrew, missouri,0,0,0
atchison, missouri,0,0,0
audrain, missouri,0,0,0
barry, missouri,0,0,0
barton, missouri,0,0,0
benton, missouri,0,0,0
bollinger, missouri,0,0,0
buchanan, missouri,0,0,0
butler, missouri,0,0,0
caldwell, missouri,0,0,0
callaway, missouri,0,0,0
camden, missouri,0,0,0
cape girardeau, missouri,0,0,0
carroll, missouri,0,0,0
carter, missouri,0,0,0
cedar, missouri,0,0,0
chariton, missouri,0,0,0
clark, missouri,0,0,0
clay, missouri,0,0,0
clinton, missouri,0,0,0
cooper, missouri,0,0,0
crawford, missouri,0,0,0
dade, missouri,0,0,0
dallas, missouri,0,0,0
daviess, missouri,0,0,0
dekalb, missouri,0,0,0
dent, missouri,0,0,0
douglas, missouri,0,0,0
franklin, missouri,1,1,1
gasconade, missouri,0,0,0
gentry, missouri,0,0,0
grundy, missouri,0,0,0
harrison, missouri,0,0,0
hickory, missouri,0,0,0
holt, missouri,0,0,0
howard, missouri,0,0,0
howell, missouri,0,0,0
iron, missouri,0,0,0
jefferson, missouri,0,0,0
knox, missouri,0,0,0
laclede, missouri,0,0,0
lafayette, missouri,0,0,0
lawrence, missouri,0,0,0
lewis, missouri,0,0,0
lincoln, missouri,0,0,0
linn, missouri,0,0,0
livingston, missouri,0,0,0
macon, missouri,0,0,0
madison, missouri,0,0,0
maries, missouri,0,0,0
marion, missouri,0,0,0
mcdonald, missouri,0,0,0
mercer, missouri,0,0,0
miller, missouri,0,0,0
mississippi, missouri,0,0,0
moniteau, missouri,0,0,0
monroe, missouri,0,0,0
montgomery, missouri,0,0,0
morgan, missouri,0,0,0
new madrid, missouri,0,0,0
newton, missouri,0,0,0
nodaway, missouri,0,0,0
oregon, missouri,0,0,0
osage, missouri,0,0,0
ozark, missouri,0,0,0
pemiscot, missouri,0,0,0
perry, missouri,0,0,0
pettis, missouri,0,0,0
phelps, missouri,0,0,0
pike, missouri,0,0,0
platte, missouri,0,0,0
polk, missouri,0,0,0
putnam, missouri,0,0,0
ralls, missouri,0,0,0
randolph, missouri,0,0,0
ray, missouri,0,0,0
reynolds, missouri,0,0,0
ripley, missouri,0,0,0
saline, missouri,0,0,0
schuyler, missouri,0,0,0
scotland, missouri,0,0,0
shannon, missouri,0,0,0
shelby, missouri,0,0,0
st. clair, missouri,0,0,0
st. francois, missouri,0,0,0
ste. genevieve, missouri,0,0,0
stoddard, missouri,0,0,0
stone, missouri,0,0,0
sullivan, missouri,0,0,0
taney, missouri,0,0,0
texas, missouri,0,0,0
vernon, missouri,0,0,0
warren, missouri,0,0,0
washington, missouri,0,0,0
wayne, missouri,0,0,0
webster, missouri,0,0,0
worth, missouri,0,0,0
wright, missouri,0,0,0
beaverhead, montana,0,0,0
big horn, montana,0,0,0
blaine, montana,0,0,0
carbon, montana,0,0,0
carter, montana,0,0,0
chouteau, montana,0,0,0
custer, montana,0,0,0
daniels, montana,0,0,0
dawson, montana,0,0,0
deer lodge, montana,0,0,0
fallon, montana,0,0,0
fergus, montana,0,0,0
garfield, montana,0,0,0
glacier, montana,0,0,0
golden valley, montana,0,0,0
granite, montana,0,0,0
hill, montana,0,0,0
jefferson, montana,0,0,0
judith basin, montana,0,0,0
lake, montana,0,0,0
liberty, montana,0,0,0
lincoln, montana,0,0,0
mccone, montana,0,0,0
meagher, montana,0,0,0
mineral, montana,0,0,0
musselshell, montana,0,0,0
park, montana,0,0,0
petroleum, montana,0,0,0
phillips, montana,0,0,0
pondera, montana,0,0,0
powder river, montana,0,0,0
powell, montana,0,0,0
prairie, montana,0,0,0
richland, montana,0,0,0
rosebud, montana,0,0,0
sanders, montana,0,0,0
sheridan, montana,0,0,0
stillwater, montana,0,0,0
sweet grass, montana,0,0,0
teton, montana,0,0,0
toole, montana,0,0,0
treasure, montana,0,0,0
valley, montana,0,0,0
wheatland, montana,0,0,0
wibaux, montana,0,0,0
antelope, nebraska,0,0,0
arthur, nebraska,0,0,0
banner, nebraska,0,0,0
blaine, nebraska,0,0,0
boone, nebraska,0,0,0
box butte, nebraska,0,0,0
boyd, nebraska,0,0,0
brown, nebraska,0,0,0
burt, nebraska,0,0,0
butler, nebraska,0,0,0
cedar, nebraska,0,0,0
chase, nebraska,0,0,0
cherry, nebraska,0,0,0
cheyenne, nebraska,0,0,0
clay, nebraska,0,0,0
colfax, nebraska,0,0,0
cuming, nebraska,0,0,0
custer, nebraska,0,0,0
dakota, nebraska,0,0,0
dawes, nebraska,0,0,0
dawson, nebraska,0,0,0
deuel, nebraska,0,0,0
dixon, nebraska,0,0,0
dodge, nebraska,0,0,0
dundy, nebraska,0,0,0
fillmore, nebraska,0,0,0
franklin, nebraska,0,0,0
frontier, nebraska,0,0,0
furnas, nebraska,0,0,0
gage, nebraska,0,0,0
garden, nebraska,0,0,0
garfield, nebraska,0,0,0
gosper, nebraska,0,0,0
grant, nebraska,0,0,0
greeley, nebraska,0,0,0
hall, nebraska,0,0,0
hamilton, nebraska,0,0,0
harlan, nebraska,0,0,0
hayes, nebraska,0,0,0
hitchcock, nebraska,0,0,0
holt, nebraska,0,0,0
hooker, nebraska,0,0,0
howard, nebraska,0,0,0
jefferson, nebraska,0,0,0
johnson, nebraska,0,0,0
kearney, nebraska,0,0,0
keith, nebraska,0,0,0
keya paha, nebraska,0,0,0
kimball, nebraska,0,0,0
logan, nebraska,0,0,0
loup, nebraska,0,0,0
madison, nebraska,0,0,0
mcpherson, nebraska,0,0,0
merrick, nebraska,0,0,0
morrill, nebraska,0,0,0
nance, nebraska,0,0,0
nuckolls, nebraska,0,0,0
otoe, nebraska,0,0,0
pawnee, nebraska,0,0,0
perkins, nebraska,0,0,0
phelps, nebraska,0,0,0
pierce, nebraska,0,0,0
platte, nebraska,0,0,0
polk, nebraska,0,0,0
red willow, nebraska,0,0,0
richardson, nebraska,0,0,0
rock, nebraska,0,0,0
saline, nebraska,0,0,0
saunders, nebraska,0,0,0
scotts bluff, nebraska,0,0,0
seward, nebraska,0,0,0
sheridan, nebraska,0,0,0
sherman, nebraska,0,0,0
sioux, nebraska,0,0,0
stanton, nebraska,0,0,0
thayer, nebraska,0,0,0
thomas, nebraska,0,0,0
thurston, nebraska,0,0,0
valley, nebraska,0,0,0
washington, nebraska,0,0,0
wayne, nebraska,0,0,0
webster, nebraska,0,0,0
wheeler, nebraska,0,0,0
york, nebraska,0,0,0
churchill, nevada,0,0,0
douglas, nevada,0,0,0
elko, nevada,0,0,0
esmeralda, nevada,0,0,0
eureka, nevada,0,0,0
humboldt, nevada,0,0,0
lander, nevada,0,0,0
lincoln, nevada,0,0,0
lyon, nevada,0,0,0
mineral, nevada,0,0,0
nye, nevada,0,0,0
pershing, nevada,0,0,0
storey, nevada,0,0,0
white pine, nevada,0,0,0
belknap, new hampshire,0,0,0
coos, new hampshire,0,0,0
catron, new mexico,0,0,0
chaves, new mexico,0,0,0
cibola, new mexico,0,0,0
colfax, new mexico,0,0,0
curry, new mexico,0,0,0
de baca, new mexico,0,0,0
doa ana, new mexico,0,0,0
eddy, new mexico,0,0,0
grant, new mexico,0,0,0
guadalupe, new mexico,0,0,0
harding, new mexico,0,0,0
hidalgo, new mexico,0,0,0
lincoln, new mexico,0,0,0
los alamos, new mexico,0,0,0
luna, new mexico,0,0,0
mora, new mexico,0,0,0
otero, new mexico,0,0,0
quay, new mexico,0,0,0
rio arriba, new mexico,0,0,0
roosevelt, new mexico,0,0,0
san juan, new mexico,2,2,2
sierra, new mexico,0,0,0
torrance, new mexico,0,0,0
union, new mexico,0,0,0
valencia, new mexico,0,0,0
bronx, new york,0,0,0
cattaraugus, new york,0,0,0
cayuga, new york,0,0,0
chautauqua, new york,0,0,0
chemung, new york,0,0,0
franklin, new york,0,0,0
kings, new york,0,0,0
lewis, new york,0,0,0
madison, new york,0,0,0
orleans, new york,0,0,0
oswego, new york,0,0,0
otsego, new york,0,0,0
queens, new york,0,0,0
richmond, new york,0,0,0
schuyler, new york,0,0,0
seneca, new york,0,0,0
st. lawrence, new york,0,0,0
yates, new york,0,0,0
alexander, north carolina,0,0,0
alleghany, north carolina,0,0,0
anson, north carolina,0,0,0
ashe, north carolina,0,0,0
avery, north carolina,0,0,0
beaufort, north carolina,0,0,0
bertie, north carolina,0,0,0
bladen, north carolina,0,0,0
burke, north carolina,1,1,1
caldwell, north carolina,0,0,0
camden, north carolina,0,0,0
caswell, north carolina,0,0,0
clay, north carolina,0,0,0
cleveland, north carolina,0,0,0
columbus, north carolina,0,0,0
currituck, north carolina,0,0,0
dare, north carolina,0,0,0
duplin, north carolina,0,0,0
edgecombe, north carolina,0,0,0
gates, north carolina,0,0,0
graham, north carolina,0,0,0
greene, north carolina,0,0,0
halifax, north carolina,0,0,0
haywood, north carolina,0,0,0
hertford, north carolina,0,0,0
jackson, north carolina,0,0,0
jones, north carolina,0,0,0
lenoir, north carolina,0,0,0
macon, north carolina,0,0,0
madison, north carolina,0,0,0
martin, north carolina,0,0,0
mcdowell, north carolina,0,0,0
mitchell, north carolina,0,0,0
northampton, north carolina,0,0,0
pamlico, north carolina,0,0,0
pender, north carolina,0,0,0
perquimans, north carolina,0,0,0
person, north carolina,0,0,0
polk, north carolina,0,0,0
randolph, north carolina,0,0,0
richmond, north carolina,0,0,0
rockingham, north carolina,0,0,0
rutherford, north carolina,0,0,1
stanly, north carolina,0,0,0
stokes, north carolina,0,0,0
surry, north carolina,0,0,0
swain, north carolina,0,0,0
transylvania, north carolina,0,0,0
tyrrell, north carolina,0,0,0
vance, north carolina,0,0,0
warren, north carolina,0,0,0
washington, north carolina,0,0,0
wilkes, north carolina,0,0,0
yadkin, north carolina,0,0,0
yancey, north carolina,0,0,0
adams, north dakota,0,0,0
barnes, north dakota,0,0,0
benson, north dakota,0,0,0
billings, north dakota,0,0,0
bottineau, north dakota,0,0,0
bowman, north dakota,0,0,0
burke, north dakota,0,0,0
cavalier, north dakota,0,0,0
dickey, north dakota,0,0,0
divide, north dakota,0,0,0
dunn, north dakota,0,0,0
eddy, north dakota,0,0,0
emmons, north dakota,0,0,0
foster, north dakota,0,0,0
golden valley, north dakota,0,0,0
grand forks, north dakota,0,0,0
grant, north dakota,0,0,0
griggs, north dakota,0,0,0
hettinger, north dakota,0,0,0
kidder, north dakota,0,0,0
lamoure, north dakota,0,0,0
logan, north dakota,0,0,0
mchenry, north dakota,0,0,0
mcintosh, north dakota,0,0,0
mckenzie, north dakota,0,0,0
mclean, north dakota,0,0,0
mercer, north dakota,0,0,0
mountrail, north dakota,0,0,0
nelson, north dakota,0,0,0
oliver, north dakota,0,0,0
pembina, north dakota,0,0,0
ransom, north dakota,0,0,0
renville, north dakota,0,0,0
richland, north dakota,0,0,0
rolette, north dakota,0,0,0
sargent, north dakota,0,0,0
sheridan, north dakota,0,0,0
sioux, north dakota,0,0,0
slope, north dakota,0,0,0
stark, north dakota,0,0,0
steele, north dakota,0,0,0
stutsman, north dakota,0,0,0
towner, north dakota,0,0,0
traill, north dakota,0,0,0
walsh, north dakota,0,0,0
wells, north dakota,0,0,0
williams, north dakota,0,0,0
adams, ohio,0,0,0
allen, ohio,1,1,2
athens, ohio,0,0,0
auglaize, ohio,0,0,0
brown, ohio,0,0,0
champaign, ohio,0,0,0
crawford, ohio,0,0,0
fairfield, ohio,0,0,0
fayette, ohio,0,0,0
fulton, ohio,0,0,0
guernsey, ohio,0,0,0
hardin, ohio,0,0,0
harrison, ohio,0,0,0
henry, ohio,0,0,0
highland, ohio,0,0,0
hocking, ohio,0,0,0
holmes, ohio,0,0,0
jackson, ohio,0,0,0
jefferson, ohio,0,0,0
lawrence, ohio,0,0,0
logan, ohio,0,0,0
meigs, ohio,0,0,0
mercer, ohio,0,0,0
monroe, ohio,0,0,0
morgan, ohio,0,0,0
morrow, ohio,0,0,0
muskingum, ohio,0,0,0
noble, ohio,0,0,0
ottawa, ohio,0,0,0
paulding, ohio,0,0,0
perry, ohio,0,0,0
pickaway, ohio,1,1,1
pike, ohio,0,0,0
preble, ohio,0,0,0
putnam, ohio,0,0,0
ross, ohio,0,0,0
sandusky, ohio,0,0,0
scioto, ohio,0,0,0
seneca, ohio,0,0,0
shelby, ohio,0,0,0
van wert, ohio,0,0,0
vinton, ohio,0,0,0
wayne, ohio,2,2,2
williams, ohio,0,0,0
wyandot, ohio,0,0,0
adair, oklahoma,0,0,0
alfalfa, oklahoma,0,0,0
atoka, oklahoma,0,0,0
beaver, oklahoma,0,0,0
beckham, oklahoma,0,0,0
blaine, oklahoma,0,0,0
bryan, oklahoma,0,0,0
caddo, oklahoma,0,0,0
carter, oklahoma,0,0,0
cherokee, oklahoma,0,0,0
choctaw, oklahoma,0,0,0
cimarron, oklahoma,0,0,0
coal, oklahoma,0,0,0
comanche, oklahoma,0,0,0
cotton, oklahoma,0,0,0
craig, oklahoma,0,0,0
creek, oklahoma,0,0,0
delaware, oklahoma,1,1,2
dewey, oklahoma,0,0,0
ellis, oklahoma,0,0,0
garfield, oklahoma,0,0,0
grant, oklahoma,0,0,0
greer, oklahoma,0,0,0
harmon, oklahoma,0,0,0
harper, oklahoma,0,0,0
haskell, oklahoma,0,0,0
hughes, oklahoma,0,0,0
jefferson, oklahoma,0,0,0
johnston, oklahoma,0,0,0
kingfisher, oklahoma,0,0,0
kiowa, oklahoma,0,0,0
latimer, oklahoma,0,0,0
le flore, oklahoma,0,0,0
lincoln, oklahoma,0,0,0
love, oklahoma,0,0,0
major, oklahoma,0,0,0
marshall, oklahoma,0,0,0
mayes, oklahoma,0,0,0
mccurtain, oklahoma,0,0,0
mcintosh, oklahoma,0,0,0
murray, oklahoma,0,0,0
nowata, oklahoma,0,0,0
okfuskee, oklahoma,0,0,0
okmulgee, oklahoma,0,0,0
osage, oklahoma,0,0,0
ottawa, oklahoma,0,0,0
pittsburg, oklahoma,0,0,0
pontotoc, oklahoma,0,0,0
pottawatomie, oklahoma,0,0,0
pushmataha, oklahoma,0,0,0
roger mills, oklahoma,0,0,0
rogers, oklahoma,0,0,0
seminole, oklahoma,0,0,0
sequoyah, oklahoma,0,0,0
stephens, oklahoma,0,0,0
texas, oklahoma,0,0,0
tillman, oklahoma,0,0,0
wagoner, oklahoma,1,1,1
washita, oklahoma,0,0,0
woods, oklahoma,0,0,0
woodward, oklahoma,0,0,0
baker, oregon,0,0,0
clatsop, oregon,0,0,0
columbia, oregon,0,0,0
coos, oregon,0,0,0
crook, oregon,0,0,0
curry, oregon,0,0,0
gilliam, oregon,0,0,0
harney, oregon,0,0,0
hood river, oregon,0,0,0
jefferson, oregon,0,0,0
lake, oregon,0,0,0
lincoln, oregon,0,0,0
malheur, oregon,0,0,0
morrow, oregon,0,0,0
sherman, oregon,0,0,0
tillamook, oregon,0,0,0
wallowa, oregon,0,0,0
wasco, oregon,0,0,0
wheeler, oregon,0,0,0
armstrong, pennsylvania,0,0,0
bedford, pennsylvania,0,0,0
blair, pennsylvania,0,0,0
bradford, pennsylvania,1,1,1
cambria, pennsylvania,0,0,0
cameron, pennsylvania,0,0,0
carbon, pennsylvania,1,1,1
clarion, pennsylvania,0,0,0
clearfield, pennsylvania,0,0,0
clinton, pennsylvania,0,0,0
crawford, pennsylvania,0,0,0
elk, pennsylvania,0,0,0
forest, pennsylvania,0,0,0
fulton, pennsylvania,0,0,0
greene, pennsylvania,0,0,0
huntingdon, pennsylvania,0,0,0
indiana, pennsylvania,1,1,1
jefferson, pennsylvania,0,0,0
juniata, pennsylvania,0,0,0
lawrence, pennsylvania,0,0,0
lycoming, pennsylvania,0,0,0
mckean, pennsylvania,0,0,0
mifflin, pennsylvania,0,0,0
northumberland, pennsylvania,0,0,0
perry, pennsylvania,0,0,0
snyder, pennsylvania,0,0,0
somerset, pennsylvania,0,0,0
sullivan, pennsylvania,0,0,0
susquehanna, pennsylvania,1,1,1
tioga, pennsylvania,0,0,0
union, pennsylvania,0,0,0
venango, pennsylvania,0,0,0
warren, pennsylvania,0,0,0
wyoming, pennsylvania,0,0,0
allendale, south carolina,0,0,0
bamberg, south carolina,0,0,0
barnwell, south carolina,0,0,0
cherokee, south carolina,0,0,0
chester, south carolina,0,0,0
chesterfield, south carolina,0,0,0
georgetown, south carolina,0,0,0
laurens, south carolina,0,0,0
marion, south carolina,0,0,0
mccormick, south carolina,0,0,0
oconee, south carolina,0,0,0
union, south carolina,0,0,0
williamsburg, south carolina,0,0,0
aurora, south dakota,0,0,0
bennett, south dakota,0,0,0
brookings, south dakota,0,0,0
brule, south dakota,0,0,0
buffalo, south dakota,0,0,0
butte, south dakota,0,0,0
campbell, south dakota,0,0,0
clark, south dakota,0,0,0
clay, south dakota,0,0,0
codington, south dakota,0,0,0
corson, south dakota,0,0,0
custer, south dakota,0,0,0
day, south dakota,0,0,0
deuel, south dakota,0,0,0
dewey, south dakota,0,0,0
douglas, south dakota,0,0,0
edmunds, south dakota,0,0,0
fall river, south dakota,0,0,0
faulk, south dakota,0,0,0
grant, south dakota,0,0,0
gregory, south dakota,0,0,0
haakon, south dakota,0,0,0
hamlin, south dakota,0,0,0
hand, south dakota,0,0,0
hanson, south dakota,0,0,0
harding, south dakota,0,0,0
hughes, south dakota,0,0,0
hutchinson, south dakota,0,0,0
hyde, south dakota,0,0,0
jackson, south dakota,0,0,0
jerauld, south dakota,0,0,0
jones, south dakota,0,0,0
kingsbury, south dakota,0,0,0
lake, south dakota,0,0,0
lawrence, south dakota,0,0,0
lincoln, south dakota,0,0,0
lyman, south dakota,0,0,0
marshall, south dakota,0,0,0
mcpherson, south dakota,0,0,0
meade, south dakota,0,0,0
mellette, south dakota,0,0,0
miner, south dakota,0,0,0
moody, south dakota,0,0,0
oglala lakota, south dakota,0,0,0
perkins, south dakota,0,0,0
potter, south dakota,0,0,0
roberts, south dakota,0,0,0
sanborn, south dakota,0,0,0
spink, south dakota,0,0,0
stanley, south dakota,0,0,0
sully, south dakota,0,0,0
todd, south dakota,0,0,0
tripp, south dakota,0,0,0
turner, south dakota,0,0,0
union, south dakota,0,0,0
walworth, south dakota,0,0,0
yankton, south dakota,0,0,0
ziebach, south dakota,0,0,0
bedford, tennessee,0,0,0
benton, tennessee,0,0,0
bledsoe, tennessee,0,0,0
cannon, tennessee,0,0,0
carter, tennessee,0,0,0
claiborne, tennessee,0,0,0
clay, tennessee,0,0,0
coffee, tennessee,0,0,0
crockett, tennessee,0,0,0
decatur, tennessee,0,0,0
dekalb, tennessee,0,0,0
fentress, tennessee,0,0,0
giles, tennessee,0,0,0
grainger, tennessee,0,0,0
grundy, tennessee,0,0,0
hancock, tennessee,0,0,0
hardeman, tennessee,0,0,0
hardin, tennessee,0,0,0
hawkins, tennessee,0,0,0
haywood, tennessee,0,0,0
henderson, tennessee,0,0,0
henry, tennessee,0,0,0
hickman, tennessee,0,0,0
humphreys, tennessee,0,0,0
jackson, tennessee,0,0,0
johnson, tennessee,0,0,0
lake, tennessee,0,0,0
lauderdale, tennessee,0,0,0
lawrence, tennessee,0,0,0
lewis, tennessee,0,0,0
lincoln, tennessee,0,0,0
macon, tennessee,0,0,0
madison, tennessee,0,0,0
marshall, tennessee,0,0,0
mcnairy, tennessee,0,0,0
meigs, tennessee,0,0,0
moore, tennessee,0,0,0
morgan, tennessee,0,0,0
obion, tennessee,0,0,0
overton, tennessee,0,0,0
pickett, tennessee,0,0,0
polk, tennessee,0,0,0
rhea, tennessee,0,0,0
sequatchie, tennessee,0,0,0
smith, tennessee,0,0,0
stewart, tennessee,0,0,0
trousdale, tennessee,0,0,0
unicoi, tennessee,0,0,0
union, tennessee,0,0,0
van buren, tennessee,0,0,0
warren, tennessee,0,0,0
wayne, tennessee,0,0,0
weakley, tennessee,0,0,0
white, tennessee,0,0,0
anderson, texas,0,0,0
andrews, texas,0,0,0
angelina, texas,0,0,0
aransas, texas,0,0,0
archer, texas,0,0,0
armstrong, texas,0,0,0
austin, texas,0,0,0
bailey, texas,0,0,0
bandera, texas,0,0,0
bastrop, texas,0,0,0
baylor, texas,0,0,0
bee, texas,0,0,0
blanco, texas,0,0,0
borden, texas,0,0,0
bosque, texas,0,0,0
brewster, texas,0,0,0
briscoe, texas,0,0,0
brooks, texas,0,0,0
burleson, texas,0,0,0
caldwell, texas,0,0,0
calhoun, texas,0,0,0
callahan, texas,0,0,0
camp, texas,0,0,0
carson, texas,0,0,0
cass, texas,0,0,0
cherokee, texas,0,0,0
childress, texas,0,0,0
clay, texas,0,0,0
cochran, texas,0,0,0
coke, texas,0,0,0
coleman, texas,0,0,0
collingsworth, texas,0,0,0
colorado, texas,0,0,0
comanche, texas,0,0,0
concho, texas,0,0,0
cooke, texas,0,0,0
coryell, texas,0,0,0
cottle, texas,0,0,0
crockett, texas,0,0,0
crosby, texas,0,0,0
culberson, texas,0,0,0
dallam, texas,0,0,0
dawson, texas,0,0,0
delta, texas,0,0,0
dickens, texas,0,0,0
dimmit, texas,0,0,0
donley, texas,0,0,0
duval, texas,0,0,0
eastland, texas,0,0,0
ector, texas,0,0,0
edwards, texas,0,0,0
erath, texas,0,0,0
falls, texas,0,0,0
fisher, texas,0,0,0
floyd, texas,0,0,0
foard, texas,0,0,0
franklin, texas,0,0,0
freestone, texas,0,0,0
frio, texas,0,0,0
gaines, texas,0,0,0
garza, texas,0,0,0
gillespie, texas,0,0,0
glasscock, texas,0,0,0
goliad, texas,0,0,0
gonzales, texas,0,0,0
gray, texas,0,0,0
grayson, texas,0,0,0
hale, texas,0,0,0
hall, texas,0,0,0
hamilton, texas,0,0,0
hansford, texas,0,0,0
hardeman, texas,0,0,0
harrison, texas,0,0,0
hartley, texas,0,0,0
haskell, texas,0,0,0
hemphill, texas,0,0,0
henderson, texas,0,0,0
hill, texas,0,0,0
hood, texas,0,0,0
hopkins, texas,0,0,0
houston, texas,0,0,0
howard, texas,0,0,0
hudspeth, texas,0,0,0
hunt, texas,0,0,0
hutchinson, texas,0,0,0
irion, texas,0,0,0
jack, texas,0,0,0
jackson, texas,0,0,0
jasper, texas,0,0,0
jeff davis, texas,0,0,0
jim hogg, texas,0,0,0
jim wells, texas,0,0,0
jones, texas,0,0,0
karnes, texas,0,0,0
kaufman, texas,0,0,0
kenedy, texas,0,0,0
kent, texas,0,0,0
kerr, texas,0,0,0
kimble, texas,0,0,0
king, texas,0,0,0
kinney, texas,0,0,0
kleberg, texas,0,0,0
knox, texas,0,0,0
la salle, texas,0,0,0
lamb, texas,0,0,0
lampasas, texas,0,0,0
lee, texas,0,0,0
leon, texas,0,0,0
limestone, texas,0,0,0
lipscomb, texas,0,0,0
live oak, texas,0,0,0
llano, texas,0,0,0
loving, texas,0,0,0
lynn, texas,0,0,0
madison, texas,0,0,0
marion, texas,0,0,0
martin, texas,0,0,0
mason, texas,0,0,0
maverick, texas,0,0,0
mcculloch, texas,0,0,0
mcmullen, texas,0,0,0
menard, texas,0,0,0
mills, texas,0,0,0
mitchell, texas,0,0,0
montague, texas,0,0,0
moore, texas,0,0,0
morris, texas,0,0,0
motley, texas,0,0,0
nacogdoches, texas,0,0,0
navarro, texas,0,0,0
newton, texas,0,0,0
nolan, texas,0,0,0
ochiltree, texas,0,0,0
orange, texas,0,0,0
palo pinto, texas,0,0,0
panola, texas,0,0,0
parker, texas,0,0,0
parmer, texas,0,0,0
pecos, texas,0,0,0
polk, texas,0,0,0
potter, texas,0,0,0
presidio, texas,0,0,0
rains, texas,0,0,0
reagan, texas,0,0,0
real, texas,0,0,0
red river, texas,0,0,0
reeves, texas,0,0,0
refugio, texas,0,0,0
roberts, texas,0,0,0
robertson, texas,0,0,0
rockwall, texas,0,0,0
runnels, texas,0,0,0
sabine, texas,0,0,0
san augustine, texas,0,0,0
san jacinto, texas,0,0,0
san patricio, texas,0,0,0
san saba, texas,0,0,0
schleicher, texas,0,0,0
scurry, texas,0,0,0
shackelford, texas,0,0,0
shelby, texas,0,0,0
sherman, texas,0,0,0
somervell, texas,0,0,0
starr, texas,0,0,0
stephens, texas,0,0,0
sterling, texas,0,0,0
stonewall, texas,0,0,0
sutton, texas,0,0,0
swisher, texas,0,0,0
taylor, texas,0,0,0
terrell, texas,0,0,0
terry, texas,0,0,0
throckmorton, texas,0,0,0
titus, texas,0,0,0
tom green, texas,0,0,0
trinity, texas,0,0,0
tyler, texas,0,0,0
upton, texas,0,0,0
uvalde, texas,0,0,0
val verde, texas,0,0,0
victoria, texas,0,0,0
waller, texas,0,0,0
ward, texas,0,0,0
washington, texas,1,1,1
wheeler, texas,0,0,0
wilbarger, texas,0,0,0
willacy, texas,0,0,0
wilson, texas,0,0,0
winkler, texas,0,0,0
wise, texas,0,0,0
wood, texas,0,0,0
yoakum, texas,0,0,0
young, texas,0,0,0
zapata, texas,0,0,0
zavala, texas,0,0,0
beaver, utah,0,0,0
carbon, utah,0,0,0
daggett, utah,0,0,0
duchesne, utah,0,0,0
emery, utah,0,0,0
garfield, utah,0,0,0
grand, utah,0,0,0
iron, utah,0,0,0
juab, utah,0,0,0
kane, utah,0,0,0
millard, utah,0,0,0
morgan, utah,0,0,0
piute, utah,0,0,0
rich, utah,0,0,0
san juan, utah,0,0,0
sanpete, utah,0,0,0
sevier, utah,0,0,0
uintah, utah,0,0,0
washington, utah,0,0,0
wayne, utah,0,0,0
weber, utah,0,0,0
caledonia, vermont,0,0,0
essex, vermont,0,0,0
grand isle, vermont,0,0,0
lamoille, vermont,0,0,0
orleans, vermont,0,0,0
alleghany, virginia,0,0,0
amelia, virginia,0,0,0
appomattox, virginia,0,0,0
augusta, virginia,0,0,0
bath, virginia,0,0,0
bland, virginia,0,0,0
bristol, virginia,0,0,0
brunswick, virginia,0,0,0
buchanan, virginia,0,0,0
buckingham, virginia,0,0,0
buena vista, virginia,0,0,0
campbell, virginia,0,0,0
caroline, virginia,0,0,0
carroll, virginia,0,0,0
charlotte, virginia,0,0,0
chesapeake, virginia,1,1,1
clarke, virginia,0,0,0
colonial heights, virginia,0,0,0
covington, virginia,0,0,0
craig, virginia,0,0,0
cumberland, virginia,0,0,0
dickenson, virginia,0,0,0
dinwiddie, virginia,0,0,0
emporia, virginia,0,0,0
essex, virginia,0,0,0
fairfax city, virginia,0,0,0
falls church, virginia,0,0,0
fauquier, virginia,0,0,0
floyd, virginia,0,0,0
franklin city, virginia,0,0,0
frederick, virginia,0,0,0
fredericksburg, virginia,0,0,0
galax, virginia,0,0,0
giles, virginia,0,0,0
grayson, virginia,0,0,0
greene, virginia,0,0,0
greensville, virginia,0,0,0
halifax, virginia,0,0,0
hampton, virginia,0,0,0
henry, virginia,0,0,0
highland, virginia,0,0,0
hopewell, virginia,0,0,0
king and queen, virginia,0,0,0
king george, virginia,0,0,0
king william, virginia,0,0,0
lancaster, virginia,0,0,0
lexington, virginia,0,0,0
lunenburg, virginia,0,0,0
lynchburg, virginia,0,0,0
madison, virginia,0,0,0
manassas, virginia,0,0,0
manassas park, virginia,0,0,0
martinsville, virginia,0,0,0
mathews, virginia,0,0,0
middlesex, virginia,0,0,0
montgomery, virginia,0,0,0
nelson, virginia,0,0,0
new kent, virginia,0,0,0
northampton, virginia,0,0,0
northumberland, virginia,0,0,0
norton, virginia,0,0,0
nottoway, virginia,0,0,0
orange, virginia,0,0,0
page, virginia,0,0,0
patrick, virginia,0,0,0
petersburg, virginia,0,0,0
pittsylvania, virginia,0,0,0
poquoson, virginia,0,0,0
portsmouth, virginia,1,1,1
powhatan, virginia,0,0,0
prince george, virginia,0,0,0
pulaski, virginia,0,0,0
radford, virginia,0,0,0
rappahannock, virginia,0,0,0
richmond city, virginia,1,1,2
roanoke, virginia,0,0,0
roanoke city, virginia,0,0,0
russell, virginia,0,0,0
salem, virginia,0,0,0
scott, virginia,0,0,0
shenandoah, virginia,0,0,0
smyth, virginia,0,0,0
southampton, virginia,0,0,0
staunton, virginia,0,0,0
surry, virginia,0,0,0
sussex, virginia,0,0,0
tazewell, virginia,0,0,0
warren, virginia,0,0,0
washington, virginia,0,0,0
waynesboro, virginia,0,0,0
westmoreland, virginia,0,0,0
winchester, virginia,0,0,0
wise, virginia,0,0,0
wythe, virginia,0,0,0
adams, washington,0,0,0
asotin, washington,0,0,0
douglas, washington,0,0,0
ferry, washington,0,0,0
okanogan, washington,0,0,0
pacific, washington,0,0,0
pend oreille, washington,0,0,0
skamania, washington,0,0,0
wahkiakum, washington,0,0,0
walla walla, washington,0,0,0
barbour, west virginia,0,0,0
berkeley, west virginia,0,0,0
boone, west virginia,0,0,0
braxton, west virginia,0,0,0
brooke, west virginia,0,0,0
cabell, west virginia,0,0,0
calhoun, west virginia,0,0,0
clay, west virginia,0,0,0
doddridge, west virginia,0,0,0
fayette, west virginia,0,0,0
gilmer, west virginia,0,0,0
grant, west virginia,0,0,0
greenbrier, west virginia,0,0,0
hampshire, west virginia,0,0,0
hancock, west virginia,0,0,0
hardy, west virginia,0,0,0
harrison, west virginia,0,0,0
lewis, west virginia,0,0,0
lincoln, west virginia,0,0,0
logan, west virginia,0,0,0
marion, west virginia,0,0,0
mason, west virginia,0,0,0
mcdowell, west virginia,0,0,0
mineral, west virginia,0,0,0
mingo, west virginia,0,0,0
monroe, west virginia,0,0,0
morgan, west virginia,0,0,0
nicholas, west virginia,0,0,0
ohio, west virginia,0,0,0
pendleton, west virginia,0,0,0
pleasants, west virginia,0,0,0
pocahontas, west virginia,0,0,0
preston, west virginia,0,0,0
raleigh, west virginia,0,0,0
randolph, west virginia,0,0,0
ritchie, west virginia,0,0,0
roane, west virginia,0,0,0
summers, west virginia,0,0,0
taylor, west virginia,0,0,0
tyler, west virginia,0,0,0
upshur, west virginia,0,0,0
wayne, west virginia,0,0,0
webster, west virginia,0,0,0
wetzel, west virginia,0,0,0
wirt, west virginia,0,0,0
wood, west virginia,0,0,0
wyoming, west virginia,0,0,0
adams, wisconsin,0,0,0
ashland, wisconsin,0,0,0
barron, wisconsin,0,0,0
buffalo, wisconsin,0,0,0
burnett, wisconsin,0,0,0
clark, wisconsin,0,0,0
crawford, wisconsin,0,0,0
dodge, wisconsin,0,0,0
door, wisconsin,0,0,0
florence, wisconsin,0,0,0
forest, wisconsin,0,0,0
grant, wisconsin,0,0,0
green lake, wisconsin,0,0,0
iowa, wisconsin,0,0,0
iron, wisconsin,0,0,0
jackson, wisconsin,0,0,0
juneau, wisconsin,0,0,0
kewaunee, wisconsin,0,0,0
lafayette, wisconsin,0,0,0
langlade, wisconsin,0,0,0
lincoln, wisconsin,0,0,0
manitowoc, wisconsin,0,0,0
marinette, wisconsin,0,0,0
marquette, wisconsin,0,0,0
menominee, wisconsin,0,0,0
monroe, wisconsin,0,0,0
oconto, wisconsin,0,0,0
oneida, wisconsin,0,0,0
pepin, wisconsin,0,0,0
polk, wisconsin,0,0,0
portage, wisconsin,0,0,0
price, wisconsin,0,0,0
richland, wisconsin,0,0,0
rusk, wisconsin,0,0,0
sawyer, wisconsin,0,0,0
shawano, wisconsin,0,0,0
taylor, wisconsin,0,0,0
trempealeau, wisconsin,0,0,0
vernon, wisconsin,0,0,0
vilas, wisconsin,0,0,0
washburn, wisconsin,0,0,0
waupaca, wisconsin,0,0,0
waushara, wisconsin,0,0,0
albany, wyoming,0,0,0
big horn, wyoming,0,0,0
converse, wyoming,0,0,0
crook, wyoming,0,0,0
goshen, wyoming,0,0,0
hot springs, wyoming,0,0,0
johnson, wyoming,0,0,0
lincoln, wyoming,0,0,0
niobrara, wyoming,0,0,0
platte, wyoming,0,0,0
sublette, wyoming,0,0,0
sweetwater, wyoming,0,0,0
uinta, wyoming,0,0,0
washakie, wyoming,0,0,0
weston, wyoming,0,0,0
garfield, washington,0,0,0
kansas city, missouri,1,1,1
out of mi, michigan,0,0,0
out of tn, tennessee,0,0,0
out of ut, utah,0,0,0
out of ok, oklahoma,0,0,0
out of co, colorado,0,0,0
out of hi, hawaii,0,0,0
washington county, utah,0,0,0
federal correctional institution (fci), michigan,0,0,0
michigan department of corrections (mdoc), michigan,0,0,0
out of ga, georgia,2,0,0
bear river, utah,0,0,0
central utah, utah,0,0,0
southeast utah, utah,0,0,0
southwest utah, utah,0,0,0
tricounty, utah,0,0,0
weber-morgan, utah,2,3,5
